name,size
XLV.A,243
XLV.A,289402
XLV.A,17648
XLI.AAL,51156
XLI.AAL,10230532
XLI.AAL,3299142
XLY.AAP,1007
XLY.AAP,166711
XLY.AAP,3775
XLK.AAPL,123101
XLK.AAPL,22195047
XLK.AAPL,6495441
XLV.ABBV,22613
XLV.ABBV,2760592
XLV.ABBV,380334
XLV.ABC,505
XLV.ABC,208736
XLV.ABC,10792
XRT.ABG,931
XRT.ABG,91552
XRT.ABG,3322
XLV.ABMD,115
XLV.ABMD,47300
XLV.ABMD,294
XLV.ABT,1594
XLV.ABT,996617
XLV.ABT,51841
XBI.ACAD,200
XBI.ACAD,408230
XBI.ACAD,18285
XRT.ACI,331
XRT.ACI,617927
XRT.ACI,6003
XLK.ACN,1727
XLK.ACN,414911
XLK.ACN,9451
XLK.ADBE,2668
XLK.ADBE,497627
XLK.ADBE,34893
XLK.ADI,1367
XLK.ADI,601103
XLK.ADI,9028
XLP.ADM,6277
XLP.ADM,940840
XLP.ADM,34375
XLK.ADP,610
XLK.ADP,289925
XLK.ADP,7428
XLK.ADSK,555
XLK.ADSK,334526
XLK.ADSK,16990
XLU.AEE,9
XLU.AEE,170106
XLU.AEE,2913
XRT.AEO,10344
XRT.AEO,992084
XRT.AEO,76954
XLU.AEP,2651
XLU.AEP,434153
XLU.AEP,13577
XLU.AES,2101
XLU.AES,1187938
XLU.AES,12809
XLF.AFL,326
XLF.AFL,485103
XLF.AFL,17239
XBI.AGEN,2273
XBI.AGEN,928118
XBI.AGEN,232138
XBI.AGIO,93647
XBI.AGIO,371
XLF.AIG,1172
XLF.AIG,1065392
XLF.AIG,22916
XLF.AIZ,58
XLF.AIZ,100001
XLF.AIZ,1205
XLF.AJG,642
XLF.AJG,282052
XLF.AJG,3610
XLK.AKAM,547
XLK.AKAM,222118
XLK.AKAM,10041
XBI.AKBA,1226938
XBI.AKBA,189450
XBI.AKRO,1461
XBI.AKRO,391028
XBI.AKRO,1858
XLB.ALB,3468
XLB.ALB,272334
XLB.ALB,23926
XBI.ALBO,51745
XBI.ALBO,3024
XBI.ALDX,9317
XBI.ALDX,306102
XBI.ALDX,29731
XBI.ALEC,84229
XBI.ALEC,3355
XLV.ALGN,1236
XLV.ALGN,251197
XLV.ALGN,13627
XLI.ALK,495873
XLI.ALK,28035
XBI.ALKS,2514
XBI.ALKS,524302
XBI.ALKS,7784
XLF.ALL,14
XLF.ALL,433118
XLF.ALL,12373
XLI.ALLE,262
XLI.ALLE,416246
XLI.ALLE,14931
XBI.ALLK,3766
XBI.ALLK,167468
XBI.ALLK,46412
XBI.ALLO,356829
XBI.ALLO,19265
XBI.ALNY,10
XBI.ALNY,151771
XBI.ALNY,3799
XBI.ALT,23810
XBI.ALT,748874
XBI.ALT,126549
XBI.ALVR,140
XBI.ALVR,262560
XBI.ALVR,44138
XBI.ALXO,86393
XBI.ALXO,3502
XLK.AMAT,4698
XLK.AMAT,1177960
XLK.AMAT,99225
XLB.AMCR,5254
XLB.AMCR,1426468
XLB.AMCR,17465
XLK.AMD,343784
XLK.AMD,44131908
XLK.AMD,14104178
XLI.AME,321
XLI.AME,372184
XLI.AME,1950
XLV.AMGN,1832
XLV.AMGN,479862
XLV.AMGN,18268
XLF.AMP,32
XLF.AMP,141572
XLF.AMP,5467
XLRE.AMT,605
XLRE.AMT,342112
XLRE.AMT,14427
XBI.AMTI,79607
XBI.AMTI,13104
XLY.AMZN,216073
XLY.AMZN,31073673
XLY.AMZN,7760216
XRT.AN,403
XRT.AN,119030
XRT.AN,4175
XBI.ANAB,38492
XBI.ANAB,3642
XLK.ANET,1643
XLK.ANET,584295
XLK.ANET,54339
XRT.ANF,1500
XRT.ANF,343285
XRT.ANF,3538
XBI.ANIK,9125
XBI.ANIK,209
XLK.ANSS,9
XLK.ANSS,94275
XLK.ANSS,1260
XLF.AON,74
XLF.AON,232855
XLF.AON,2028
XLI.AOS,546
XLI.AOS,266793
XLI.AOS,5849
XLE.APA,8455
XLE.APA,2149851
XLE.APA,319211
XLB.APD,264
XLB.APD,313081
XLB.APD,5782
XLK.APH,1059
XLK.APH,751455
XLK.APH,14037
XBI.APLS,65
XBI.APLS,399033
XBI.APLS,2171
XLY.APTV,906
XLY.APTV,655099
XLY.APTV,6935
XBI.ARCT,30
XBI.ARCT,86152
XBI.ARCT,3015
XLRE.ARE,306819
XLRE.ARE,5989
XRT.ARKO,56775
XRT.ARKO,616
XBI.ARQT,4061
XBI.ARQT,742502
XBI.ARQT,31582
XBI.ARWR,100
XBI.ARWR,154462
XBI.ARWR,10893
SMH.ASML,3960
SMH.ASML,255970
SMH.ASML,37307
XRT.ASO,530
XRT.ASO,310192
XRT.ASO,23953
XLU.ATO,128
XLU.ATO,278878
XLU.ATO,16892
XBI.ATRA,118
XBI.ATRA,640661
XBI.ATRA,49188
XLC.ATVI,6563
XLC.ATVI,777660
XLC.ATVI,77022
XLRE.AVB,356
XLRE.AVB,229777
XLRE.AVB,2096
XLK.AVGO,836
XLK.AVGO,320992
XLK.AVGO,16298
XBI.AVXL,100
XBI.AVXL,327272
XBI.AVXL,81890
XLB.AVY,467
XLB.AVY,102450
XLB.AVY,1285
XLU.AWK,351
XLU.AWK,110182
XLU.AWK,6746
XLF.AXP,1983
XLF.AXP,435513
XLF.AXP,43493
XLY.AZO,186
XLY.AZO,23926
XLY.AZO,2131
XLI.BA,111123
XLI.BA,7294373
XLI.BA,2292418
XLF.BAC,23348
XLF.BAC,9609096
XLF.BAC,1289990
XRT.BARK,500
XRT.BARK,234770
XRT.BARK,131892
XLV.BAX,1249
XLV.BAX,1880182
XLV.BAX,48441
XBI.BBIO,346
XBI.BBIO,347056
XBI.BBIO,30979
XLY.BBWI,1189
XLY.BBWI,989345
XLY.BBWI,28843
XLY.BBY,1494
XLY.BBY,740630
XLY.BBY,44084
XBI.BCAB,35409
XBI.BCRX,636
XBI.BCRX,461488
XBI.BCRX,48107
XLV.BDX,247
XLV.BDX,194440
XLV.BDX,4979
XBI.BEAM,7834
XBI.BEAM,519337
XBI.BEAM,36930
XLF.BEN,1348
XLF.BEN,752874
XLF.BEN,13341
XRT.BGFV,9541
XRT.BGFV,279363
XRT.BGFV,35877
XBI.BHVN,1500
XBI.BHVN,172809
XBI.BHVN,901
XRT.BIG,707
XRT.BIG,250443
XRT.BIG,34849
XLV.BIIB,2249
XLV.BIIB,275878
XLV.BIIB,11110
XLV.BIO,14
XLV.BIO,47400
XLV.BIO,297
XRT.BJ,26999
XRT.BJ,900098
XRT.BJ,113215
XLF.BK,9322
XLF.BK,508535
XLF.BK,24399
XRT.BKE,238
XRT.BKE,77238
XRT.BKE,2205
XLY.BKNG,181
XLY.BKNG,130900
XLY.BKNG,7060
XLE.BKR,981
XLE.BKR,2941043
XLE.BKR,63727
XLF.BLK,1738
XLF.BLK,195327
XLF.BLK,6207
XBI.BLUE,1763
XBI.BLUE,1689835
XBI.BLUE,321723
XBI.BMRN,59
XBI.BMRN,317590
XBI.BMRN,2982
XLV.BMY,5850
XLV.BMY,1768914
XLV.BMY,94032
XRT.BOOT,238
XRT.BOOT,278192
XRT.BOOT,8588
XBI.BPMC,100
XBI.BPMC,154129
XBI.BPMC,1012
XLK.BR,127
XLK.BR,88204
XLK.BR,2417
XLF.BRO,226
XLF.BRO,214505
XLF.BRO,12385
XLV.BSX,107
XLV.BSX,1307272
XLV.BSX,63239
XBI.BTAI,3257
XBI.BTAI,133864
XBI.BTAI,13218
XRT.BURL,2047
XRT.BURL,301363
XRT.BURL,17316
XLY.BWA,7
XLY.BWA,399649
XLY.BWA,16366
XLRE.BXP,1315
XLRE.BXP,221803
XLRE.BXP,6957
XLF.C,15126
XLF.C,3532417
XLF.C,692751
XLP.CAG,1053168
XLP.CAG,74945
XLV.CAH,634
XLV.CAH,834470
XLV.CAH,13546
XRT.CAL,1141
XRT.CAL,110370
XRT.CAL,7221
XLI.CARR,459
XLI.CARR,1354899
XLI.CARR,20795
XRT.CASY,41
XRT.CASY,72503
XRT.CASY,1764
XLI.CAT,4357
XLI.CAT,838419
XLI.CAT,93414
XLF.CB,332
XLF.CB,449865
XLF.CB,12510
XLF.CBOE,2579
XLF.CBOE,444932
XLF.CBOE,19594
XLRE.CBRE,401
XLRE.CBRE,386768
XLRE.CBRE,3253
XBI.CCCC,74117
XBI.CCCC,1019
XLRE.CCI,145
XLRE.CCI,268038
XLRE.CCI,6934
XLY.CCL,64124
XLY.CCL,16111678
XLY.CCL,5835190
XBI.CCXI,270569
XBI.CCXI,12416
XLK.CDAY,214209
XLK.CDAY,888
XBI.CDMO,112216
XBI.CDMO,9858
XBI.CDNA,118650
XBI.CDNA,1046
XLK.CDNS,1149
XLK.CDNS,473655
XLK.CDNS,30879
XLK.CDW,485
XLK.CDW,334928
XLK.CDW,1263
XLB.CE,918
XLB.CE,356299
XLB.CE,25565
XBI.CERE,2305
XBI.CERE,132513
XBI.CERE,1632
XLB.CF,2637
XLB.CF,613108
XLB.CF,45810
XLF.CFG,3703
XLF.CFG,784509
XLF.CFG,79478
XLP.CHD,2398
XLP.CHD,501456
XLP.CHD,11950
XBI.CHRS,600
XBI.CHRS,265769
XBI.CHRS,26887
XLI.CHRW,303
XLI.CHRW,432723
XLI.CHRW,3841
XRT.CHS,4733
XRT.CHS,571049
XRT.CHS,115303
XLC.CHTR,542
XLC.CHTR,432022
XLC.CHTR,9556
XRT.CHWY,2823
XRT.CHWY,1033082
XRT.CHWY,181956
XLV.CI,990
XLV.CI,295205
XLV.CI,11462
XLF.CINF,1879
XLF.CINF,276489
XLF.CINF,20249
XLP.CL,6378
XLP.CL,1764670
XLP.CL,94924
XBI.CLDX,91217
XBI.CLDX,8861
XBI.CLVS,16506
XBI.CLVS,1901596
XBI.CLVS,454122
XLP.CLX,319
XLP.CLX,309165
XLP.CLX,11027
XLF.CMA,70
XLF.CMA,170422
XLF.CMA,12125
XLC.CMCSA,32588
XLC.CMCSA,7191484
XLC.CMCSA,358163
XLF.CME,488
XLF.CME,346784
XLF.CME,15206
XLY.CMG,1133
XLY.CMG,82452
XLY.CMG,6233
XLI.CMI,172
XLI.CMI,224911
XLI.CMI,7148
XBI.CMRX,14716
XBI.CMRX,2365159
XBI.CMRX,653086
XLU.CMS,212
XLU.CMS,392883
XLU.CMS,6981
XLV.CNC,1833
XLV.CNC,580622
XLV.CNC,38512
XLU.CNP,3208
XLU.CNP,478207
XLU.CNP,9721
XLF.COF,548
XLF.COF,569100
XLF.COF,15579
XRT.CONN,59816
XRT.CONN,19692
XLV.COO,104
XLV.COO,106523
XLV.COO,413
XLE.COP,1731
XLE.COP,1296771
XLE.COP,89101
XLP.COST,8844
XLP.COST,518206
XLP.COST,79983
XLP.CPB,1438
XLP.CPB,352859
XLP.CPB,25379
XLI.CPRT,1394
XLI.CPRT,265644
XLI.CPRT,8501
XBI.CPRX,2699
XBI.CPRX,347362
XBI.CPRX,59615
XBI.CRIS,800
XBI.CRIS,1214983
XBI.CRIS,263134
XLV.CRL,141
XLV.CRL,139796
XLV.CRL,2887
XLK.CRM,5558
XLK.CRM,1273948
XLK.CRM,69639
XRT.CRMT,8769
XRT.CRMT,1800
XBI.CRNX,96012
XBI.CRNX,648
XLK.CSCO,5813
XLK.CSCO,3515326
XLK.CSCO,544235
XLI.CSX,660
XLI.CSX,2263163
XLI.CSX,154645
XLI.CTAS,385
XLI.CTAS,64563
XLI.CTAS,2423
XLV.CTLT,778
XLV.CTLT,245447
XLV.CTLT,10694
XBI.CTMX,2890
XBI.CTMX,195630
XBI.CTMX,6096
XLE.CTRA,9566
XLE.CTRA,2472306
XLE.CTRA,228272
XRT.CTRN,50579
XRT.CTRN,296
XLK.CTSH,1275
XLK.CTSH,1334866
XLK.CTSH,95172
XLB.CTVA,4015
XLB.CTVA,592155
XLB.CTVA,13316
XLK.CTXS,192
XLK.CTXS,241103
XLK.CTXS,3843
XBI.CUE,75989
XBI.CUE,527
XBI.CVM,128270
XBI.CVM,7621
XRT.CVNA,53904
XRT.CVNA,3247811
XRT.CVNA,581078
XLV.CVS,960
XLV.CVS,966700
XLV.CVS,87624
XLE.CVX,11144
XLE.CVX,2154707
XLE.CVX,369303
XRT.CWH,746
XRT.CWH,221383
XRT.CWH,28954
XBI.CYTK,229080
XBI.CYTK,3403
XLY.CZR,1090
XLY.CZR,912983
XLY.CZR,36667
XLU.D,6
XLU.D,676208
XLU.D,14602
XLI.DAL,6544
XLI.DAL,3361359
XLI.DAL,738234
XRT.DASH,10988
XRT.DASH,1983540
XRT.DASH,134860
XRT.DBI,243
XRT.DBI,145261
XRT.DBI,4078
XBI.DCPH,121925
XBI.DCPH,2285
XLB.DD,609
XLB.DD,866837
XLB.DD,22071
XRT.DDS,526
XRT.DDS,57289
XRT.DDS,2180
XLI.DE,1807
XLI.DE,342685
XLI.DE,25174
XLF.DFS,191
XLF.DFS,472400
XLF.DFS,7594
XLY.DG,972
XLY.DG,324524
XLY.DG,49270
XLV.DGX,198744
XLV.DGX,2655
XLY.DHI,457
XLY.DHI,366372
XLY.DHI,15133
XLV.DHR,2810
XLV.DHR,524235
XLV.DHR,13963
XLC.DIS,12394
XLC.DIS,2174801
XLC.DIS,381569
XLC.DISH,3590
XLC.DISH,1013647
XLC.DISH,39698
XRT.DKS,3569
XRT.DKS,284917
XRT.DKS,26131
XLRE.DLR,1099
XLRE.DLR,353636
XLRE.DLR,15345
XLY.DLTR,1975
XLY.DLTR,590422
XLY.DLTR,24095
XBI.DMTK,2200
XBI.DMTK,803571
XBI.DMTK,26072
XBI.DNLI,98
XBI.DNLI,92537
XBI.DNLI,973
XLI.DOV,29
XLI.DOV,207953
XLI.DOV,3534
XLB.DOW,10217
XLB.DOW,1597255
XLB.DOW,143332
XLY.DPZ,311
XLY.DPZ,151196
XLY.DPZ,1729
XLRE.DRE,974858
XLRE.DRE,3850
XLY.DRI,19
XLY.DRI,220387
XLY.DRI,6445
XLU.DTE,208740
XLU.DTE,4484
XBI.DTIL,2030
XBI.DTIL,524549
XBI.DTIL,145141
XLU.DUK,613
XLU.DUK,560748
XLU.DUK,31244
XLV.DVA,199
XLV.DVA,564793
XLV.DVA,9128
XBI.DVAX,506241
XBI.DVAX,164188
XLE.DVN,22682
XLE.DVN,5644606
XLE.DVN,1459274
XLK.DXC,15
XLK.DXC,183222
XLK.DXC,11477
XLV.DXCM,4358
XLV.DXCM,899481
XLV.DXCM,66013
XLC.EA,631
XLC.EA,389999
XLC.EA,16074
XLY.EBAY,2637
XLY.EBAY,1116902
XLY.EBAY,28568
XBI.EBS,521
XBI.EBS,129263
XBI.EBS,11283
XLB.ECL,565
XLB.ECL,214086
XLB.ECL,16287
XLU.ED,223
XLU.ED,474084
XLU.ED,8903
XBI.EDIT,3161
XBI.EDIT,382000
XBI.EDIT,41121
XLI.EFX,226
XLI.EFX,209717
XLI.EFX,1353
XBI.EGRX,37843
XBI.EGRX,645
XLU.EIX,124
XLU.EIX,343470
XLU.EIX,12548
XLP.EL,1218
XLP.EL,458894
XLP.EL,17218
XLB.EMN,631
XLB.EMN,264394
XLB.EMN,8709
XLI.EMR,443
XLI.EMR,442936
XLI.EMR,11600
XLK.ENPH,32846
XLK.ENPH,1472016
XLK.ENPH,372942
XBI.ENTA,215
XBI.ENTA,136982
XBI.ENTA,5074
XLE.EOG,5674
XLE.EOG,1132984
XLE.EOG,100501
XLK.EPAM,927
XLK.EPAM,173310
XLK.EPAM,5810
XBI.EPZM,726547
XBI.EPZM,23312
XLRE.EQIX,661
XLRE.EQIX,95587
XLRE.EQIX,1609
XLRE.EQR,635
XLRE.EQR,351638
XLRE.EQR,4083
XLU.ES,116
XLU.ES,549406
XLU.ES,4912
XLRE.ESS,79996
XLRE.ESS,1097
XLI.ETN,831
XLI.ETN,517123
XLI.ETN,12229
XLU.ETR,173986
XLU.ETR,2665
XLY.ETSY,10917
XLY.ETSY,1026210
XLY.ETSY,164348
XRT.EVGO,2674
XRT.EVGO,901982
XRT.EVGO,266031
XLU.EVRG,541
XLU.EVRG,141061
XLU.EVRG,2844
XLV.EW,650
XLV.EW,950062
XLV.EW,48663
XBI.EXAS,6020
XBI.EXAS,829140
XBI.EXAS,80172
XLU.EXC,518
XLU.EXC,1663710
XLU.EXC,47519
XBI.EXEL,411083
XBI.EXEL,25901
XLI.EXPD,579
XLI.EXPD,299718
XLI.EXPD,2247
XLY.EXPE,3499
XLY.EXPE,1130923
XLY.EXPE,32288
XLRE.EXR,72
XLRE.EXR,161738
XLRE.EXR,2862
XRT.EYE,108
XRT.EYE,229252
XRT.EYE,3149
XLY.F,93918
XLY.F,40380489
XLY.F,10226935
XLE.FANG,14000
XLE.FANG,923529
XLE.FANG,149971
XLI.FAST,503
XLI.FAST,783262
XLI.FAST,20942
XBI.FATE,199902
XBI.FATE,7871
XLI.FBHS,98
XLI.FBHS,309647
XLI.FBHS,11674
XLB.FCX,23796
XLB.FCX,4798610
XLB.FCX,926351
XLI.FDX,2584
XLI.FDX,648999
XLI.FDX,60886
XLU.FE,850
XLU.FE,674877
XLU.FE,34344
XLK.FFIV,213
XLK.FFIV,89813
XLK.FFIV,4017
XBI.FGEN,63391
XBI.FGEN,1743
XLK.FIS,453
XLK.FIS,939455
XLK.FIS,12748
XLK.FISV,11393
XLK.FISV,590284
XLK.FISV,21207
XLF.FITB,607
XLF.FITB,829486
XLF.FITB,40468
XRT.FIVE,2055
XRT.FIVE,407453
XRT.FIVE,12642
XRT.FL,2759
XRT.FL,425823
XRT.FL,8841
XLK.FLT,60
XLK.FLT,102006
XLK.FLT,942
XRT.FLWS,84306
XRT.FLWS,6478
XLB.FMC,28
XLB.FMC,230721
XLB.FMC,4500
XBI.FMTX,96403
XBI.FMTX,11422
XBI.FOLD,615280
XBI.FOLD,22814
XLC.FOX,636
XLC.FOX,165798
XLC.FOX,20712
XLC.FOXA,2034
XLC.FOXA,751701
XLC.FOXA,11003
XLF.FRC,152
XLF.FRC,190763
XLF.FRC,2009
XRT.FRG,645
XRT.FRG,92147
XRT.FRG,12108
XLRE.FRT,604
XLRE.FRT,131040
XLRE.FRT,3203
XLK.FTNT,3116
XLK.FTNT,965053
XLK.FTNT,34499
XLI.FTV,146
XLI.FTV,1536386
XLI.FTV,13516
XBI.GBIO,35715
XBI.GBIO,1320
XBI.GBT,196
XBI.GBT,268727
XBI.GBT,686
XRT.GCO,900
XRT.GCO,79951
XRT.GCO,2649
XLI.GD,822
XLI.GD,336534
XLI.GD,9619
XLI.GE,2287
XLI.GE,3203445
XLI.GE,205063
XBI.GERN,516807
XBI.GERN,95198
XRT.GES,237
XRT.GES,77034
XRT.GES,665
XLV.GILD,4373
XLV.GILD,1386676
XLV.GILD,112169
XLP.GIS,1996
XLP.GIS,858012
XLP.GIS,83429
XLF.GL,765
XLF.GL,89293
XLF.GL,3076
XLK.GLW,1531
XLK.GLW,822167
XLK.GLW,50251
XLY.GM,6979
XLY.GM,3411656
XLY.GM,818384
XRT.GME,40060
XRT.GME,1435589
XRT.GME,303208
XLI.GNRC,2134
XLI.GNRC,184661
XLI.GNRC,13271
XRT.GO,2252
XRT.GO,278740
XRT.GO,7035
XLC.GOOG,38785
XLC.GOOG,5792950
XLC.GOOG,1287395
XLC.GOOGL,48607
XLC.GOOGL,7886980
XLC.GOOGL,1307226
XBI.GOSS,147552
XBI.GOSS,11079
XLY.GPC,747
XLY.GPC,197011
XLY.GPC,12318
XRT.GPI,60
XRT.GPI,42725
XRT.GPI,218
XLK.GPN,12207
XLK.GPN,1604505
XLK.GPN,124957
XLY.GPS,3911
XLY.GPS,1431753
XLY.GPS,84668
XLY.GRMN,963
XLY.GRMN,177766
XLY.GRMN,5200
XRT.GRPN,2026
XRT.GRPN,173969
XRT.GRPN,18249
XLF.GS,1259
XLF.GS,436827
XLF.GS,35907
XBI.GTHX,6463
XBI.GTHX,617964
XBI.GTHX,46418
XLI.GWW,906
XLI.GWW,133456
XLI.GWW,10047
XLE.HAL,8351
XLE.HAL,3243895
XLE.HAL,471943
XBI.HALO,5197
XBI.HALO,218053
XBI.HALO,20679
XLY.HAS,310
XLY.HAS,312431
XLY.HAS,9002
XLF.HBAN,552
XLF.HBAN,2692309
XLF.HBAN,352950
XLY.HBI,5719
XLY.HBI,1319682
XLY.HBI,80203
XLV.HCA,70
XLV.HCA,308091
XLV.HCA,4778
XLY.HD,4204
XLY.HD,1023551
XLY.HD,56871
XLE.HES,1143
XLE.HES,473973
XLE.HES,25136
XBI.HGEN,205
XBI.HGEN,5018410
XBI.HGEN,1068813
XRT.HIBB,1503
XRT.HIBB,101329
XRT.HIBB,3564
XLF.HIG,605
XLF.HIG,514413
XLF.HIG,40856
XLI.HII,30
XLI.HII,55417
XLI.HII,558
XLY.HLT,694
XLY.HLT,543260
XLY.HLT,9570
XLV.HOLX,392952
XLV.HOLX,6508
XLI.HON,339
XLI.HON,627474
XLI.HON,40071
XLK.HPE,1839
XLK.HPE,1806817
XLK.HPE,243951
XLK.HPQ,3146
XLK.HPQ,2186390
XLK.HPQ,63278
XLP.HRL,562
XLP.HRL,266807
XLP.HRL,13744
XBI.HRTX,189
XBI.HRTX,317708
XBI.HRTX,15327
XLV.HSIC,311943
XLV.HSIC,2450
XLRE.HST,1555
XLRE.HST,1126125
XLRE.HST,10260
XLP.HSY,782
XLP.HSY,204025
XLP.HSY,10884
XLV.HUM,613
XLV.HUM,400415
XLV.HUM,11945
XLI.HWM,959
XLI.HWM,1817309
XLI.HWM,46415
XBI.HZNP,15
XBI.HZNP,450518
XBI.HZNP,16498
XRT.HZO,2044
XRT.HZO,109202
XRT.HZO,3600
XLK.IBM,6066
XLK.IBM,1141892
XLK.IBM,123083
XBI.IBRX,471053
XBI.IBRX,110659
XLF.ICE,1095
XLF.ICE,555714
XLF.ICE,6873
XBI.ICPT,100
XBI.ICPT,177665
XBI.ICPT,6627
XLV.IDXX,596
XLV.IDXX,203439
XLV.IDXX,1333
XBI.IDYA,21454
XBI.IDYA,505
XLI.IEX,114
XLI.IEX,96192
XLI.IEX,479
XLB.IFF,418
XLB.IFF,179707
XLB.IFF,3941
XBI.IGMS,5
XBI.IGMS,51119
XBI.IGMS,1001
XLV.ILMN,602
XLV.ILMN,214535
XLV.ILMN,10789
XBI.IMGN,883778
XBI.IMGN,147999
XRT.IMKTA,263
XRT.IMKTA,31830
XRT.IMKTA,1040
XBI.IMVT,41087
XBI.IMVT,709
XLV.INCY,855
XLV.INCY,361112
XLV.INCY,6759
XBI.INO,1116
XBI.INO,1209337
XBI.INO,254062
XBI.INSM,700
XBI.INSM,493108
XBI.INSM,1147
XLK.INTC,142105
XLK.INTC,17938207
XLK.INTC,2286702
XLK.INTU,811
XLK.INTU,438570
XLK.INTU,11800
XBI.IONS,408
XBI.IONS,137752
XBI.IONS,8563
XBI.IOVA,1110
XBI.IOVA,449413
XBI.IOVA,25907
XLB.IP,914
XLB.IP,674766
XLB.IP,34226
XLC.IPG,680
XLC.IPG,539534
XLC.IPG,11840
XLK.IPGP,339
XLK.IPGP,115927
XLK.IPGP,2243
XLV.IQV,233
XLV.IQV,482992
XLV.IQV,4570
XLI.IR,724
XLI.IR,891142
XLI.IR,4695
XLRE.IRM,343
XLRE.IRM,724791
XLRE.IRM,16769
XBI.IRWD,1570071
XBI.IRWD,20381
XBI.ISEE,614840
XBI.ISEE,20414
XLV.ISRG,5904
XLV.ISRG,412617
XLV.ISRG,28435
XLK.IT,30
XLK.IT,165675
XLK.IT,1296
XLI.ITW,445
XLI.ITW,318816
XLI.ITW,6026
XLF.IVZ,1025917
XLF.IVZ,27907
XLI.J,2361
XLI.J,343236
XLI.J,38116
XLI.JBHT,160
XLI.JBHT,122611
XLI.JBHT,3490
XLI.JCI,1110
XLI.JCI,788776
XLI.JCI,12020
XLK.JKHY,349
XLK.JKHY,72238
XLK.JKHY,1852
XLV.JNJ,1412
XLV.JNJ,1314080
XLV.JNJ,83068
XLK.JNPR,293
XLK.JNPR,815837
XLK.JNPR,130189
XLF.JPM,43149
XLF.JPM,4418488
XLF.JPM,527634
XRT.JWN,2976
XRT.JWN,1079436
XRT.JWN,88201
XLP.K,2960
XLP.K,639075
XLP.K,25787
XBI.KALV,21587
XBI.KALV,33
XBI.KDNY,2571
XBI.KDNY,109853
XBI.KDNY,5189
XLF.KEY,9819
XLF.KEY,1616187
XLF.KEY,75956
XLK.KEYS,56
XLK.KEYS,156291
XLK.KEYS,8461
XLP.KHC,13155
XLP.KHC,1588134
XLP.KHC,104719
XLRE.KIM,774878
XLRE.KIM,8550
XLK.KLAC,806
XLK.KLAC,270401
XLK.KLAC,9935
XLP.KMB,1151
XLP.KMB,423464
XLP.KMB,14300
XLE.KMI,7750
XLE.KMI,4384046
XLE.KMI,590116
XLY.KMX,161
XLY.KMX,440373
XLY.KMX,18872
XBI.KNSA,52023
XBI.KNSA,7906
XLP.KO,4126
XLP.KO,2911800
XLP.KO,219637
XBI.KOD,497721
XBI.KOD,29769
XBI.KPTI,768315
XBI.KPTI,67033
XLP.KR,2662
XLP.KR,990459
XLP.KR,78417
XBI.KROS,23
XBI.KROS,167534
XBI.KROS,48
XBI.KRTX,416
XBI.KRTX,109213
XBI.KRTX,6626
XBI.KRYS,603
XBI.KRYS,50299
XBI.KRYS,357
XRT.KSS,2962
XRT.KSS,801299
XRT.KSS,141933
XBI.KURA,221470
XBI.KURA,2288
XBI.KYMR,160516
XBI.KYMR,776
XLF.L,1638
XLF.L,579046
XLF.L,25984
XRT.LAD,52090
XRT.LAD,1505
XBI.LCTX,117748
XBI.LCTX,28893
XLI.LDOS,226
XLI.LDOS,290312
XLI.LDOS,3249
XLY.LEG,412
XLY.LEG,510575
XLY.LEG,12903
XLY.LEN,1213
XLY.LEN,533067
XLY.LEN,18151
XRT.LESL,907526
XRT.LESL,14752
XBI.LGND,31
XBI.LGND,16782
XBI.LGND,565
XLV.LH,155
XLV.LH,189546
XLV.LH,2545
XLI.LHX,127
XLI.LHX,377125
XLI.LHX,6794
XLB.LIN,28
XLB.LIN,292740
XLB.LIN,4296
XLY.LKQ,438
XLY.LKQ,237696
XLY.LKQ,3078
XLV.LLY,1664
XLV.LLY,825814
XLV.LLY,51952
XLI.LMT,7220
XLI.LMT,455049
XLI.LMT,30691
XLF.LNC,160
XLF.LNC,226401
XLF.LNC,14614
XLU.LNT,1
XLU.LNT,229584
XLU.LNT,2794
XLY.LOW,1243
XLY.LOW,1014547
XLY.LOW,30594
XRT.LQDT,1937
XRT.LQDT,136879
XRT.LQDT,6802
XLK.LRCX,1183
XLK.LRCX,549896
XLK.LRCX,17804
XLC.LUMN,29209
XLC.LUMN,2875244
XLC.LUMN,230201
XLI.LUV,10646
XLI.LUV,1596789
XLI.LUV,340769
XLY.LVS,2899
XLY.LVS,1635633
XLY.LVS,155336
XLP.LW,521
XLP.LW,459958
XLP.LW,5518
XLB.LYB,816
XLB.LYB,761161
XLB.LYB,23092
XLC.LYV,597
XLC.LYV,369350
XLC.LYV,7787
XRT.M,8160
XRT.M,2337764
XRT.M,462580
XLK.MA,2610
XLK.MA,608694
XLK.MA,33298
XLRE.MAA,169
XLRE.MAA,220480
XLRE.MAA,4396
XLY.MAR,1586
XLY.MAR,579876
XLY.MAR,33482
XLI.MAS,503
XLI.MAS,245384
XLI.MAS,6455
XLY.MCD,3249
XLY.MCD,642067
XLY.MCD,35858
XLK.MCHP,1075
XLK.MCHP,703204
XLK.MCHP,15760
XLV.MCK,2219
XLV.MCK,229750
XLV.MCK,8390
XLF.MCO,376
XLF.MCO,271537
XLF.MCO,4379
XBI.MCRB,48
XBI.MCRB,341993
XBI.MCRB,34816
XBI.MDGL,24
XBI.MDGL,60677
XBI.MDGL,1715
XLP.MDLZ,4546
XLP.MDLZ,1211213
XLP.MDLZ,36095
XLV.MDT,4420
XLV.MDT,1509254
XLV.MDT,69681
XBI.MDXG,132929
XBI.MDXG,1192
XLF.MET,129
XLF.MET,881314
XLF.MET,35755
XLY.MGM,832
XLY.MGM,971817
XLY.MGM,103416
XBI.MGNX,217775
XBI.MGNX,5766
XLY.MHK,294
XLY.MHK,181486
XLY.MHK,6009
XLP.MKC,1081
XLP.MKC,227778
XLP.MKC,12097
XLF.MKTX,190
XLF.MKTX,82762
XLF.MKTX,630
XLB.MLM,312
XLB.MLM,112696
XLB.MLM,1737
XLF.MMC,466
XLF.MMC,333549
XLF.MMC,3807
XLI.MMM,2177
XLI.MMM,920473
XLI.MMM,37326
XBI.MNKD,1250
XBI.MNKD,1563848
XBI.MNKD,186329
XRT.MNRO,68944
XRT.MNRO,398
XLP.MNST,2165
XLP.MNST,889660
XLP.MNST,26757
XLP.MO,6598
XLP.MO,2290134
XLP.MO,196038
XBI.MORF,20
XBI.MORF,66378
XBI.MORF,784
XLB.MOS,15628
XLB.MOS,1665484
XLB.MOS,366713
XLE.MPC,2495
XLE.MPC,1040294
XLE.MPC,82653
XLK.MPWR,1365
XLK.MPWR,216173
XLK.MPWR,4803
XLV.MRK,2715
XLV.MRK,2047719
XLV.MRK,162551
XLV.MRNA,14441
XLV.MRNA,1175993
XLV.MRNA,311363
XLE.MRO,27250
XLE.MRO,5364241
XLE.MRO,1519907
XBI.MRSN,117627
XBI.MRSN,20895
XBI.MRTX,232555
XBI.MRTX,5032
SMH.MRVL,12873
SMH.MRVL,1991419
SMH.MRVL,166678
XLF.MS,956
XLF.MS,1193245
XLF.MS,146081
XLF.MSCI,510
XLF.MSCI,133013
XLF.MSCI,610
XLK.MSFT,34008
XLK.MSFT,6579327
XLK.MSFT,1383084
XLK.MSI,473
XLK.MSI,252366
XLK.MSI,2234
XLF.MTB,66
XLF.MTB,343195
XLF.MTB,11579
XLC.MTCH,1204
XLC.MTCH,829391
XLC.MTCH,18291
XLV.MTD,31
XLV.MTD,44192
XLV.MTD,378
XLK.MU,32136
XLK.MU,3969799
XLK.MU,561897
XRT.MUSA,243
XRT.MUSA,128126
XRT.MUSA,2108
XBI.MYGN,143878
XBI.MYGN,3002
XBI.MYOV,831
XBI.MYOV,249656
XBI.MYOV,35623
XBI.NBIX,743
XBI.NBIX,163443
XBI.NBIX,4433
XLY.NCLH,11157
XLY.NCLH,5409316
XLY.NCLH,1937676
XLF.NDAQ,1983
XLF.NDAQ,138111
XLF.NDAQ,5832
XLU.NEE,3315
XLU.NEE,1867263
XLU.NEE,125097
XLB.NEM,14936
XLB.NEM,2054114
XLB.NEM,242490
XLC.NFLX,23233
XLC.NFLX,1997145
XLC.NFLX,466316
XLU.NI,496053
XLU.NI,7524
XLY.NKE,2131
XLY.NKE,994894
XLY.NKE,124349
XBI.NKTX,150
XBI.NKTX,133094
XBI.NKTX,12450
XLK.NLOK,147
XLK.NLOK,1256895
XLK.NLOK,23884
XLI.NLSN,2974
XLI.NLSN,317129
XLI.NLSN,8549
XLI.NOC,2064
XLI.NOC,370193
XLI.NOC,9161
XLK.NOW,5848
XLK.NOW,604705
XLK.NOW,30990
XLU.NRG,181
XLU.NRG,630564
XLU.NRG,12129
XBI.NRIX,421
XBI.NRIX,71959
XBI.NRIX,2876
XLI.NSC,165
XLI.NSC,312986
XLI.NSC,42493
XLK.NTAP,172378
XLK.NTAP,15735
XBI.NTLA,1023
XBI.NTLA,169454
XBI.NTLA,17622
XBI.NTRA,4151
XBI.NTRA,336259
XBI.NTRA,9008
XLF.NTRS,52
XLF.NTRS,201680
XLF.NTRS,2025
XLB.NUE,11606
XLB.NUE,416623
XLB.NUE,28501
XBI.NVAX,10285
XBI.NVAX,1253180
XBI.NVAX,260425
XLK.NVDA,170820
XLK.NVDA,20039986
XLK.NVDA,6520235
XLY.NVR,5
XLY.NVR,2484
XLY.NVR,84
XBI.NVTA,7476
XBI.NVTA,2338759
XBI.NVTA,436005
XLY.NWL,1311
XLY.NWL,867612
XLY.NWL,12514
XLC.NWS,680
XLC.NWS,41419
XLC.NWS,1929
XLC.NWSA,239518
XLC.NWSA,8630
XLK.NXPI,2991
XLK.NXPI,566720
XLK.NXPI,34105
XLRE.O,272
XLRE.O,593981
XLRE.O,116944
XBI.OCGN,7290
XBI.OCGN,931252
XBI.OCGN,347915
XLI.ODFL,234
XLI.ODFL,286586
XLI.ODFL,5945
XRT.ODP,904
XRT.ODP,90291
XRT.ODP,2394
XLV.OGN,705414
XLV.OGN,13492
XLE.OKE,2025
XLE.OKE,515650
XLE.OKE,26248
SMH.OLED,213
SMH.OLED,57215
SMH.OLED,3049
XRT.OLLI,14888
XRT.OLLI,438740
XRT.OLLI,39356
XLC.OMC,233
XLC.OMC,230867
XLC.OMC,6895
SMH.ON,93765
SMH.ON,5850308
SMH.ON,916810
XRT.ONEW,1055
XRT.ONEW,13597
XRT.ONEW,1014
XBI.OPK,1044163
XBI.OPK,78226
XLK.ORCL,1950
XLK.ORCL,1535657
XLK.ORCL,103763
XBI.ORGO,67133
XBI.ORGO,1224
XBI.ORIC,60480
XLY.ORLY,247
XLY.ORLY,112576
XLY.ORLY,4471
XRT.OSTK,4177
XRT.OSTK,506857
XRT.OSTK,82339
XLI.OTIS,506
XLI.OTIS,1021177
XLI.OTIS,10026
XLE.OXY,50014
XLE.OXY,5420850
XLE.OXY,1603827
XRT.PAG,1589
XRT.PAG,115958
XRT.PAG,6003
XLK.PAYC,254
XLK.PAYC,122718
XLK.PAYC,4556
XLK.PAYX,396
XLK.PAYX,365362
XLK.PAYX,12861
XLI.PCAR,864
XLI.PCAR,340900
XLI.PCAR,3032
XBI.PCVX,120121
XBI.PCVX,922
XLRE.PEAK,950206
XLRE.PEAK,8324
XLU.PEG,179
XLU.PEG,509778
XLU.PEG,12852
XLY.PENN,930
XLY.PENN,673138
XLY.PENN,96767
XLP.PEP,1899
XLP.PEP,828577
XLP.PEP,58886
XRT.PETS,252
XRT.PETS,131365
XRT.PETS,5052
XLV.PFE,26875
XLV.PFE,4549931
XLV.PFE,609406
XLF.PFG,16
XLF.PFG,348032
XLF.PFG,9009
XLP.PG,6606
XLP.PG,3463944
XLP.PG,296535
XBI.PGEN,8628
XBI.PGEN,432045
XBI.PGEN,59964
XLF.PGR,581
XLF.PGR,619890
XLF.PGR,26785
XLI.PH,361173
XLI.PH,4489
XLY.PHM,354
XLY.PHM,596203
XLY.PHM,40632
XLB.PKG,199
XLB.PKG,218033
XLB.PKG,5726
XLV.PKI,1783
XLV.PKI,805889
XLV.PKI,26120
XRT.PLCE,1415
XRT.PLCE,93576
XRT.PLCE,2492
XLRE.PLD,369
XLRE.PLD,837284
XLRE.PLD,8665
XLP.PM,2445
XLP.PM,908657
XLP.PM,54772
XBI.PMVP,13
XBI.PMVP,88436
XBI.PMVP,2654
XLF.PNC,284
XLF.PNC,333606
XLF.PNC,7234
XLI.PNR,103
XLI.PNR,340453
XLI.PNR,17707
XLU.PNW,17
XLU.PNW,243861
XLU.PNW,5063
XLY.POOL,413
XLY.POOL,120989
XLY.POOL,6697
XRT.POSH,5500
XRT.POSH,119001
XRT.POSH,5581
XLB.PPG,45
XLB.PPG,254596
XLB.PPG,3490
XLU.PPL,1524
XLU.PPL,905868
XLU.PPL,20404
XRT.PRCH,61887
XRT.PRCH,594239
XRT.PRCH,43535
XBI.PRLD,365
XBI.PRLD,20401
XBI.PRLD,2271
XBI.PRTA,49969
XBI.PRTA,495
XRT.PRTS,2480
XRT.PRTS,143178
XRT.PRTS,13307
XRT.PRTY,17700
XRT.PRTY,994457
XRT.PRTY,243106
XLF.PRU,532
XLF.PRU,410951
XLF.PRU,15105
XLRE.PSA,104
XLRE.PSA,156573
XLRE.PSA,3809
XRT.PSMT,57388
XRT.PSMT,383
XLE.PSX,1465
XLE.PSX,828240
XLE.PSX,84058
XLK.PTC,6
XLK.PTC,129800
XLK.PTC,10903
XBI.PTCT,6211
XBI.PTCT,344494
XBI.PTCT,43747
XBI.PTGX,101062
XBI.PTGX,679
XLY.PVH,779
XLY.PVH,175323
XLY.PVH,3625
XLI.PWR,2247
XLI.PWR,467773
XLI.PWR,23398
XLE.PXD,10969
XLE.PXD,787069
XLE.PXD,89115
XLK.PYPL,29444
XLK.PYPL,3718673
XLK.PYPL,449520
XLK.QCOM,15582
XLK.QCOM,1961524
XLK.QCOM,354867
XRT.QRTEA,23119
XRT.QRTEA,3192675
XRT.QRTEA,929819
XLK.QRVO,112
XLK.QRVO,341799
XLK.QRVO,10254
XRT.QUOT,189347
XRT.QUOT,813
XBI.QURE,102
XBI.QURE,124906
XBI.QURE,6087
XRT.RAD,11340
XRT.RAD,1592737
XRT.RAD,292417
XBI.RARE,20
XBI.RARE,293131
XBI.RARE,7860
XBI.RCEL,31236
XBI.RCEL,2356
XRT.RCII,220
XRT.RCII,122884
XRT.RCII,5430
XBI.RCKT,451789
XBI.RCKT,73159
XLY.RCL,30362
XLY.RCL,7186870
XLY.RCL,1797779
XBI.RCUS,271
XBI.RCUS,102028
XBI.RCUS,17122
XBI.RDUS,12275
XBI.RDUS,90984
XBI.RDUS,3278
XLF.RE,98
XLF.RE,147053
XLF.RE,1978
XRT.REAL,3960
XRT.REAL,1664653
XRT.REAL,198505
XLRE.REG,286801
XLRE.REG,2796
XLV.REGN,208
XLV.REGN,124601
XLV.REGN,3173
XBI.REPL,69013
XBI.REPL,1033
XLF.RF,2878
XLF.RF,2772936
XLF.RF,470005
XBI.RGNX,85310
XBI.RGNX,460
XLI.RHI,106
XLI.RHI,172667
XLI.RHI,4645
XBI.RIGL,1272054
XBI.RIGL,81241
XLF.RJF,236
XLF.RJF,272370
XLF.RJF,1726
XLY.RL,214
XLY.RL,157272
XLY.RL,1669
XBI.RLAY,440
XBI.RLAY,119011
XBI.RLAY,1412
XLV.RMD,30
XLV.RMD,116210
XLV.RMD,1296
XBI.RNA,40601
XBI.RNA,558
XLI.ROK,378
XLI.ROK,217927
XLI.ROK,6590
XLI.ROL,2953
XLI.ROL,305933
XLI.ROL,7304
XLI.ROP,24
XLI.ROP,111765
XLI.ROP,2008
XLY.ROST,627
XLY.ROST,576202
XLY.ROST,11015
XLI.RSG,116
XLI.RSG,343397
XLI.RSG,12955
XLI.RTX,1872
XLI.RTX,1754640
XLI.RTX,51280
XBI.RUBY,511
XBI.RUBY,200591
XBI.RUBY,99000
XRT.RVLV,5501
XRT.RVLV,676436
XRT.RVLV,42983
XBI.RVMD,365467
XBI.RVMD,6894
XBI.RXRX,123059
XBI.RXRX,6340
XBI.RYTM,4562
XBI.RYTM,263499
XBI.RYTM,48334
XBI.SAGE,306
XBI.SAGE,244685
XBI.SAGE,6080
XRT.SAH,20
XRT.SAH,152900
XRT.SAH,3101
XBI.SANA,152
XBI.SANA,243940
XBI.SANA,12875
XLRE.SBAC,204
XLRE.SBAC,144634
XLRE.SBAC,1827
XRT.SBH,413556
XRT.SBH,28756
XLY.SBUX,1363
XLY.SBUX,2450481
XLY.SBUX,137416
XLF.SCHW,1682
XLF.SCHW,1890407
XLF.SCHW,88838
XRT.SCVL,1600
XRT.SCVL,53261
XRT.SCVL,919
XLB.SEE,25
XLB.SEE,213558
XLB.SEE,3396
XBI.SELB,1300
XBI.SELB,405562
XBI.SELB,116703
XRT.SFIX,587548
XRT.SFIX,61630
XRT.SFM,870605
XRT.SFM,105989
XRT.SFT,489905
XRT.SFT,167710
XBI.SGEN,5028
XBI.SGEN,266014
XBI.SGEN,26883
XBI.SGMO,376933
XBI.SGMO,4283
XLB.SHW,5898
XLB.SHW,778693
XLB.SHW,18455
XRT.SIG,1286
XRT.SIG,128967
XRT.SIG,1815
XLF.SIVB,63
XLF.SIVB,87438
XLF.SIVB,7379
XLP.SJM,90
XLP.SJM,159028
XLP.SJM,4524
XLE.SLB,10765
XLE.SLB,2995608
XLE.SLB,146224
XLI.SNA,903
XLI.SNA,55948
XLI.SNA,842
XBI.SNDX,123717
XBI.SNDX,4433
XLK.SNPS,349
XLK.SNPS,335185
XLK.SNPS,14847
XLU.SO,20123
XLU.SO,1141717
XLU.SO,46401
XLRE.SPG,948
XLRE.SPG,464443
XLRE.SPG,46281
XLF.SPGI,681
XLF.SPGI,394526
XLF.SPGI,15223
XBI.SPPI,1100
XBI.SPPI,465771
XBI.SPPI,188575
XBI.SPRO,100
XBI.SPRO,58807
XBI.SPRO,6076
XRT.SPWH,72553
XRT.SPWH,8589
XLU.SRE,62
XLU.SRE,299482
XLU.SRE,5336
XBI.SRNE,10657
XBI.SRNE,2440361
XBI.SRNE,466369
XBI.SRPT,251
XBI.SRPT,232134
XBI.SRPT,93733
XBI.SRRK,108
XBI.SRRK,146000
XBI.SRRK,12791
XRT.SSTK,250
XRT.SSTK,83178
XRT.SSTK,760
XLV.STE,183
XLV.STE,166473
XLV.STE,1971
SMH.STM,1310
SMH.STM,437444
SMH.STM,21356
XBI.STOK,62695
XBI.STOK,320
XBI.STRO,117059
XBI.STRO,8904
XLF.STT,174
XLF.STT,419441
XLF.STT,15287
XLK.STX,1240
XLK.STX,358749
XLK.STX,34589
XLP.STZ,432
XLP.STZ,338597
XLP.STZ,18742
XLI.SWK,4512
XLI.SWK,702344
XLI.SWK,48679
XLK.SWKS,945
XLK.SWKS,319210
XLK.SWKS,13763
XBI.SWTX,187804
XBI.SWTX,5003
XLF.SYF,993
XLF.SYF,867971
XLF.SYF,43848
XLV.SYK,221
XLV.SYK,415597
XLV.SYK,6252
XLP.SYY,2936
XLP.SYY,779847
XLP.SYY,24177
XLC.T,56400
XLC.T,11100555
XLC.T,1843095
XRT.TA,35147
XRT.TA,3785
XLP.TAP,649
XLP.TAP,514234
XLP.TAP,11108
XBI.TCRR,1700
XBI.TCRR,28777
XBI.TCRR,7644
XLI.TDG,303
XLI.TDG,94533
XLI.TDG,9448
XRT.TDUP,368599
XRT.TDUP,11340
XLK.TDY,311
XLK.TDY,48134
XLK.TDY,460
XLV.TECH,8
XLV.TECH,47990
XLV.TECH,7478
XLK.TEL,682
XLK.TEL,386486
XLK.TEL,9290
XLK.TER,1491
XLK.TER,379866
XLK.TER,7181
XLF.TFC,259
XLF.TFC,1747195
XLF.TFC,58188
XLV.TFX,294
XLV.TFX,306986
XLV.TFX,6172
XLY.TGT,11378
XLY.TGT,1504035
XLY.TGT,311352
XBI.TGTX,2700
XBI.TGTX,631708
XBI.TGTX,41704
XLY.TJX,329
XLY.TJX,2159346
XLY.TJX,52324
XLV.TMO,728
XLV.TMO,499132
XLV.TMO,6901
XLC.TMUS,699
XLC.TMUS,1135697
XLC.TMUS,70324
XLY.TPR,4028
XLY.TPR,462776
XLY.TPR,8139
XBI.TPTX,84494
XBI.TPTX,1129
XLK.TRMB,203989
XLK.TRMB,3215
XLF.TROW,1128
XLF.TROW,395273
XLF.TROW,20420
XLF.TRV,86
XLF.TRV,321571
XLF.TRV,11244
XLY.TSCO,1993
XLY.TSCO,268286
XLY.TSCO,16275
XLY.TSLA,522340
XLY.TSLA,14966333
XLY.TSLA,4985516
SMH.TSM,20353
SMH.TSM,6225630
SMH.TSM,381138
XLP.TSN,3421
XLP.TSN,228592
XLP.TSN,12466
XBI.TSVT,69277
XBI.TSVT,1161
XLI.TT,69
XLI.TT,221983
XLI.TT,4317
XLC.TTWO,5035
XLC.TTWO,527962
XLC.TTWO,21836
XBI.TVTX,214831
XBI.TVTX,315
XBI.TWST,2869
XBI.TWST,236685
XBI.TWST,7678
XLC.TWTR,14339
XLC.TWTR,5431633
XLC.TWTR,864080
XLK.TXN,2304
XLK.TXN,1293044
XLK.TXN,42612
XLI.TXT,343
XLI.TXT,147045
XLI.TXT,5087
XLK.TYL,124
XLK.TYL,46886
XLK.TYL,797
XLY.UA,10756
XLY.UA,713738
XLY.UA,129221
XLY.UAA,4588
XLY.UAA,2202347
XLY.UAA,118674
XLI.UAL,7919
XLI.UAL,2502162
XLI.UAL,799842
XLRE.UDR,727443
XLRE.UDR,1859
XLV.UHS,7
XLV.UHS,93309
XLV.UHS,571
XLY.ULTA,54
XLY.ULTA,214653
XLY.ULTA,9068
XLV.UNH,1809
XLV.UNH,680751
XLV.UNH,57554
XLI.UNP,443
XLI.UNP,556967
XLI.UNP,17919
XLI.UPS,1045
XLI.UPS,602314
XLI.UPS,25481
XRT.URBN,2330
XRT.URBN,579140
XRT.URBN,4313
XLI.URI,448
XLI.URI,311330
XLI.URI,18581
XLF.USB,1169
XLF.USB,2269990
XLF.USB,177298
XBI.UTHR,852
XBI.UTHR,125491
XBI.UTHR,10623
XLK.V,9164
XLK.V,1826301
XLK.V,122938
XBI.VBIV,334619
XBI.VBIV,99415
XBI.VCEL,57605
XBI.VCEL,1595
XBI.VCYT,212538
XBI.VCYT,2476
XLY.VFC,5599
XLY.VFC,960322
XLY.VFC,23736
XBI.VIR,310
XBI.VIR,124296
XBI.VIR,4283
XBI.VKTX,166728
XBI.VKTX,23307
XLE.VLO,3232
XLE.VLO,1016636
XLE.VLO,141658
XLB.VMC,266
XLB.VMC,181997
XLB.VMC,4548
XBI.VNDA,44154
XBI.VNDA,3013
XLRE.VNO,154
XLRE.VNO,458021
XLRE.VNO,42144
XRT.VRM,30125
XRT.VRM,3120983
XRT.VRM,1120718
XLI.VRSK,391
XLI.VRSK,127574
XLI.VRSK,1904
XLK.VRSN,2367
XLK.VRSN,190960
XLK.VRSN,8018
XLV.VRTX,5195
XLV.VRTX,407171
XLV.VRTX,43446
XRT.VSCO,575
XRT.VSCO,400524
XRT.VSCO,40704
XBI.VSTM,3324
XBI.VSTM,346023
XBI.VSTM,61170
XBI.VTGN,7582
XBI.VTGN,6483268
XBI.VTGN,2675416
XLRE.VTR,40
XLRE.VTR,300461
XLRE.VTR,3714
XLV.VTRS,128
XLV.VTRS,2958792
XLV.VTRS,233084
XBI.VXRT,1982
XBI.VXRT,413009
XBI.VXRT,77134
XLC.VZ,6737
XLC.VZ,6621711
XLC.VZ,461319
XRT.W,5072
XRT.W,855771
XRT.W,152895
XLI.WAB,34
XLI.WAB,196315
XLI.WAB,8797
XLV.WAT,11111
XLV.WAT,155197
XLV.WAT,4557
XLP.WBA,4503
XLP.WBA,1467208
XLP.WBA,97311
XLK.WDC,845
XLK.WDC,659740
XLK.WDC,35482
XLU.WEC,347
XLU.WEC,204077
XLU.WEC,5878
XLRE.WELL,10
XLRE.WELL,356744
XLRE.WELL,6019
XLF.WFC,1397
XLF.WFC,4220366
XLF.WFC,310958
XLY.WHR,198
XLY.WHR,180595
XLY.WHR,6436
XRT.WINA,1735
XRT.WINA,22
XRT.WISH,86252
XRT.WISH,3466998
XRT.WISH,758053
XLI.WM,573
XLI.WM,554514
XLI.WM,26375
XLE.WMB,45222
XLE.WMB,1759785
XLE.WMB,67038
XRT.WMK,187
XRT.WMK,11977
XRT.WMK,39
XLP.WMT,8565
XLP.WMT,2490775
XLP.WMT,334462
XRT.WOOF,700
XRT.WOOF,571403
XRT.WOOF,22418
XLF.WRB,1410
XLF.WRB,306174
XLF.WRB,11525
XLB.WRK,308
XLB.WRK,202426
XLB.WRK,4196
XLV.WST,176
XLV.WST,118402
XLV.WST,1356
XLK.WU,2447
XLK.WU,481701
XLK.WU,27424
XLRE.WY,190
XLRE.WY,666443
XLRE.WY,13791
XLY.WYNN,3281
XLY.WYNN,712423
XLY.WYNN,178453
XLU.XEL,45
XLU.XEL,866641
XLU.XEL,7072
XBI.XNCR,36403
XBI.XNCR,1263
XLE.XOM,18662
XLE.XOM,6276382
XLE.XOM,966767
XLV.XRAY,57
XLV.XRAY,332921
XLV.XRAY,3768
XLI.XYL,466
XLI.XYL,279361
XLI.XYL,6132
XBI.YMAB,62318
XBI.YMAB,4747
XLY.YUM,251
XLY.YUM,555300
XLY.YUM,71533
XLV.ZBH,18149
XLV.ZBH,395823
XLV.ZBH,42528
XLK.ZBRA,20569
XLK.ZBRA,176138
XLK.ZBRA,26195
XLF.ZION,11689
XLF.ZION,170933
XLF.ZION,35850
XBI.ZNTL,1814
XBI.ZNTL,62255
XBI.ZNTL,16096
XLV.ZTS,57846
XLV.ZTS,189130
XLV.ZTS,35065
XRT.ZUMZ,1155
XRT.ZUMZ,50742
XRT.ZUMZ,12192