Symbol,Name,% Holding,Fund
XLK,S&P 500 Technology Sector SPDR,N/A,XLK
AAPL,Apple Inc,23.67%,XLK
MSFT,Microsoft Corp,21.22%,XLK
NVDA,Nvidia Corp,6.15%,XLK
V,Visa Inc,3.14%,XLK
MA,Mastercard Inc,2.67%,XLK
ADBE,Adobe Systems Inc,2.36%,XLK
AVGO,Broadcom Ltd,2.23%,XLK
CSCO,Cisco Systems Inc,2.22%,XLK
ACN,Accenture Plc,2.22%,XLK
CRM,Salesforce.com Inc,2.14%,XLK
PYPL,Paypal Holdings,1.94%,XLK
INTC,Intel Corp,1.79%,XLK
QCOM,Qualcomm Inc,1.75%,XLK
INTU,Intuit Inc,1.56%,XLK
TXN,Texas Instruments,1.51%,XLK
ORCL,Oracle Corp,1.48%,XLK
AMD,Adv Micro Devices,1.47%,XLK
AMAT,Applied Materials,1.17%,XLK
NOW,Servicenow Inc,1.05%,XLK
IBM,International Business Machines,0.98%,XLK
ADP,Automatic Data Procs,0.86%,XLK
LRCX,Lam Research Corp,0.83%,XLK
ADI,Analog Devices,0.81%,XLK
MU,Micron Technology,0.81%,XLK
FIS,Fidelity National Information Services,0.59%,XLK
FISV,Fiserv Inc,0.55%,XLK
KLAC,K L A-Tencor Corp,0.53%,XLK
ADSK,Autodesk Inc,0.52%,XLK
NXPI,Nxp Semiconductors,0.50%,XLK
SNPS,Synopsys Inc,0.47%,XLK
TEL,Te Connectivity Ltd,0.46%,XLK
APH,Amphenol Corp,0.44%,XLK
CDNS,Cadence Design Sys,0.44%,XLK
XLNX,Xilinx Inc,0.43%,XLK
MCHP,Microchip Technology,0.40%,XLK
CTSH,Cognizant Tech Sol,0.39%,XLK
HPQ,HP Inc,0.39%,XLK
MSI,Motorola Solutions,0.39%,XLK
FTNT,Fortinet Inc,0.38%,XLK
PAYX,Paychex Inc,0.35%,XLK
GPN,Global Payments Inc,0.33%,XLK
KEYS,Keysight Technologies Inc Comm,0.32%,XLK
EPAM,Epam Systems Inc,0.31%,XLK
ANSS,Ansys Inc,0.30%,XLK
ZBRA,Zebra Technologies,0.28%,XLK
ANET,Arista Networks Inc,0.26%,XLK
GLW,Corning Inc,0.25%,XLK
IT,Gartner Inc,0.24%,XLK
TER,Teradyne Inc,0.23%,XLK
CDW,CDW Corp,0.23%,XLK
ENPH,Enphase Energy Inc,0.23%,XLK
SWKS,Skyworks Solutions,0.21%,XLK
VRSN,Verisign Inc,0.20%,XLK
STX,Seagate Technology Hldgs Plc,0.19%,XLK
TRMB,Trimble Navigation,0.19%,XLK
BR,Broadridge Financial Solutions Llc,0.18%,XLK
TYL,Tyler Technologies,0.18%,XLK
MPWR,Monolithic Power Sys,0.18%,XLK
TDY,Teledyne Technologies Inc,0.18%,XLK
NTAP,Netapp Inc,0.17%,XLK
HPE,Hewlett Packard Enterprise Comp,0.17%,XLK
PAYC,Paycom Software Inc,0.17%,XLK
AKAM,Akamai Technologies,0.17%,XLK
FLT,Fleetcor Technologies,0.16%,XLK
WDC,Western Digital Cp,0.15%,XLK
QRVO,Qorvo Inc,0.14%,XLK
NLOK,Nortonlifelock Inc,0.13%,XLK
FFIV,F5 Inc,0.12%,XLK
CDAY,Ceridian Hcm Holding Inc,0.12%,XLK
PTC,Ptc Inc,0.11%,XLK
JKHY,Jack Henry & Assoc,0.11%,XLK
JNPR,Juniper Networks,0.09%,XLK
CTXS,Citrix Systems Inc,0.09%,XLK
DXC,Dxc Technology Company,0.07%,XLK
WU,Western Union Company,0.07%,XLK
IPGP,Ipg Photonics Corp,0.05%,XLK
XLF,S&P 500 Financials Sector SPDR,N/A,XLF
BRK.B,Berkshire Hathaway Cl B,12.75%,XLF
JPM,JP Morgan Chase & Company,10.98%,XLF
BAC,Bank of America Corp,7.63%,XLF
WFC,Wells Fargo & Company,4.73%,XLF
MS,Morgan Stanley,3.35%,XLF
GS,Goldman Sachs Group,3.09%,XLF
BLK,Blackrock Inc,3.02%,XLF
SCHW,The Charles Schwab Corp,2.89%,XLF
C,Citigroup Inc,2.84%,XLF
SPGI,S&P Global Inc,2.63%,XLF
AXP,American Express Company,2.40%,XLF
MMC,Marsh & Mclennan Companies,1.97%,XLF
CB,Chubb Ltd,1.97%,XLF
PNC,PNC Bank,1.96%,XLF
CME,CME Group Inc,1.88%,XLF
TFC,Truist Financial Corp,1.81%,XLF
USB,U.S. Bancorp,1.77%,XLF
ICE,Intercontinental Exchange,1.75%,XLF
AON,AON Plc,1.53%,XLF
COF,Capital One Financial Corp,1.51%,XLF
MCO,Moody's Corp,1.47%,XLF
PGR,Progressive Corp,1.38%,XLF
MSCI,MSCI Inc,1.12%,XLF
AIG,American International Group,1.08%,XLF
BK,Bank of New York Mellon Corp,1.06%,XLF
MET,Metlife Inc,1.02%,XLF
TROW,T Rowe Price Group,0.99%,XLF
PRU,Prudential Financial Inc,0.96%,XLF
TRV,The Travelers Companies Inc,0.93%,XLF
SIVB,Svb Financial Group,0.92%,XLF
FRC,First Republic Bank,0.83%,XLF
AFL,Aflac Inc,0.82%,XLF
DFS,Discover Financial Services,0.79%,XLF
AJG,Arthur J. Gallagher & Company,0.79%,XLF
ALL,Allstate Corp,0.78%,XLF
AMP,Ameriprise Financial Services,0.78%,XLF
STT,State Street Corp,0.78%,XLF
WLTW,Willis Towers WT,0.69%,XLF
FITB,Fifth Third Bancorp,0.69%,XLF
SYF,Synchrony Financial,0.62%,XLF
NTRS,Northern Trust Corp,0.57%,XLF
HIG,Hartford Financial Services Group,0.55%,XLF
NDAQ,Nasdaq Inc,0.55%,XLF
HBAN,Huntington Bcshs,0.52%,XLF
KEY,Keycorp,0.51%,XLF
RF,Regions Financial Corp,0.48%,XLF
CFG,Citizens Financial Group Inc/Ri,0.46%,XLF
MTB,M&T Bank Corp,0.45%,XLF
RJF,Raymond James Financial,0.42%,XLF
PFG,Principal Financial Group Inc,0.42%,XLF
CINF,Cincinnati Financial,0.40%,XLF
BRO,Brown & Brown,0.36%,XLF
MKTX,Marketaxess Holdings,0.36%,XLF
CBOE,CBOE Global Markets Inc,0.32%,XLF
LNC,Lincoln National Corp,0.27%,XLF
L,Loews Corp,0.27%,XLF
CMA,Comerica Inc,0.27%,XLF
WRB,W.R. Berkley Corp,0.26%,XLF
RE,Everest Re Group,0.25%,XLF
ZION,Zions Bancorp,0.24%,XLF
BEN,Franklin Resources,0.22%,XLF
AIZ,Assurant Inc,0.21%,XLF
GL,Globe Life Inc,0.20%,XLF
IVZ,Invesco Plc,0.18%,XLF
PBCT,People's United Finl,0.17%,XLF
XLY,S&P 500 Cons Disc Sector SPDR,N/A,XLY
AMZN,Amazon.com Inc,20.79%,XLY
TSLA,Tesla Inc,17.32%,XLY
HD,Home Depot,9.78%,XLY
MCD,McDonald's Corp,4.63%,XLY
LOW,Lowe's Companies,4.18%,XLY
NKE,Nike Inc,4.16%,XLY
SBUX,Starbucks Corp,3.13%,XLY
TGT,Target Corp,2.60%,XLY
BKNG,Booking Holdings Inc,2.07%,XLY
TJX,TJX Companies,2.07%,XLY
GM,General Motors Company,1.98%,XLY
F,Ford Motor Company,1.86%,XLY
DG,Dollar General Corp,1.24%,XLY
ORLY,O'Reilly Automotive,1.11%,XLY
CMG,Chipotle Mexican Grill,1.10%,XLY
APTV,Aptiv Plc,1.02%,XLY
AZO,Autozone,1.01%,XLY
EBAY,Ebay Inc,0.97%,XLY
MAR,Marriot Int Cl A,0.96%,XLY
YUM,Yum! Brands,0.92%,XLY
ROST,Ross Stores Inc,0.91%,XLY
HLT,Hilton Inc,0.90%,XLY
DHI,D.R. Horton,0.80%,XLY
DLTR,Dollar Tree Inc,0.75%,XLY
LEN,Lennar Corp,0.70%,XLY
ETSY,Etsy Inc,0.65%,XLY
TSCO,Tractor Supply Company,0.62%,XLY
VFC,V.F. Corp,0.55%,XLY
BBY,Best Buy Company,0.53%,XLY
EXPE,Expedia Group Inc,0.52%,XLY
KMX,Carmax Inc,0.52%,XLY
POOL,Pool Corp,0.52%,XLY
ULTA,Ulta Beauty Inc,0.49%,XLY
GRMN,Garmin Ltd,0.48%,XLY
DPZ,Domino's Pizza Inc,0.46%,XLY
GPC,Genuine Parts Company,0.45%,XLY
NVR,NVR Inc,0.45%,XLY
DRI,Darden Restaurants,0.45%,XLY
BBWI,Bath & Body Works Inc,0.43%,XLY
CZR,Caesars Entertainment Inc,0.43%,XLY
MGM,MGM Resorts International,0.38%,XLY
AAP,Advance Auto Parts Inc,0.37%,XLY
RCL,Royal Caribbean Cruises Ltd,0.36%,XLY
LKQ,LKQ Corp,0.36%,XLY
WHR,Whirlpool Corp,0.35%,XLY
CCL,Carnival Corp,0.33%,XLY
PHM,Pultegroup,0.33%,XLY
HAS,Hasbro Inc,0.31%,XLY
LVS,Las Vegas Sands,0.28%,XLY
TPR,Tapestry Inc,0.27%,XLY
BWA,Borgwarner Inc,0.25%,XLY
MHK,Mohawk Industries,0.23%,XLY
NWL,Newell Rubbermaid Inc,0.20%,XLY
WYNN,Wynn Resorts Ltd,0.20%,XLY
PENN,Penn Natl Gaming Inc,0.17%,XLY
NCLH,Norwegian Cruise Ord,0.17%,XLY
PVH,Phillips-Van Heusen Corp,0.16%,XLY
HBI,Hanesbrands Inc,0.14%,XLY
RL,Ralph Lauren Corp,0.13%,XLY
LEG,Leggett & Platt Inc,0.13%,XLY
UAA,Under Armour,0.09%,XLY
UA,Under Armour Inc Cl C,0.09%,XLY
GPS,Gap Inc,0.08%,XLY
XLP,S&P 500 Cons Staples Sector SPDR,N/A,XLP
PG,Procter & Gamble Company,16.67%,XLP
PEP,Pepsico Inc,10.12%,XLP
KO,Coca-Cola Company,9.71%,XLP
WMT,Walmart Inc,8.73%,XLP
COST,Costco Wholesale,5.01%,XLP
MDLZ,Mondelez Intl Inc,4.77%,XLP
EL,Estee Lauder Companies,4.37%,XLP
MO,Altria Group,3.95%,XLP
PM,Philip Morris International Inc,3.84%,XLP
CL,Colgate-Palmolive Company,3.68%,XLP
KMB,Kimberly-Clark Corp,2.48%,XLP
GIS,General Mills,2.17%,XLP
STZ,Constellation Brands Inc,2.11%,XLP
SYY,Sysco Corp,1.97%,XLP
ADM,Archer Daniels Midland,1.92%,XLP
WBA,Walgreens Boots Alliance,1.84%,XLP
MNST,Monster Beverage Cp,1.79%,XLP
KR,Kroger Company,1.62%,XLP
HSY,Hershey Foods Corp,1.45%,XLP
KHC,Kraft Heinz Company,1.33%,XLP
TSN,Tyson Foods,1.32%,XLP
CHD,Church & Dwight Company,1.29%,XLP
MKC,Mccormick & Company,1.22%,XLP
CLX,Clorox Company,1.14%,XLP
K,Kellogg Company,0.87%,XLP
CAG,Conagra Brands Inc,0.86%,XLP
SJM,J.M. Smucker Company,0.78%,XLP
HRL,Hormel Foods Corp,0.72%,XLP
BF.B,Brown Forman Inc Cl B,0.69%,XLP
CPB,Campbell Soup Company,0.46%,XLP
TAP,Molson Coors Brewing Company,0.44%,XLP
LW,Lamb Weston Holdings Inc,0.43%,XLP
UNH,Unitedhealth Group Inc,8.80%,XLV
JNJ,Johnson & Johnson,8.62%,XLV
PFE,Pfizer Inc,6.50%,XLV
TMO,Thermo Fisher Scientific Inc,4.93%,XLV
ABT,Abbott Laboratories,4.57%,XLV
ABBV,Abbvie Inc,4.41%,XLV
LLY,Eli Lilly and Company,4.19%,XLV
DHR,Danaher Corp,3.83%,XLV
MRK,Merck & Company,3.64%,XLV
BMY,Bristol-Myers Squibb Company,2.62%,XLV
MDT,Medtronic Inc,2.60%,XLV
CVS,CVS Corp,2.53%,XLV
AMGN,Amgen Inc,2.39%,XLV
ISRG,Intuitive Surg Inc,2.26%,XLV
ZTS,Zoetis Inc Cl A,2.09%,XLV
ANTM,Anthem Inc,2.07%,XLV
MRNA,Moderna Inc,1.88%,XLV
GILD,Gilead Sciences Inc,1.72%,XLV
SYK,Stryker Corp,1.60%,XLV
EW,Edwards Lifesciences Corp,1.41%,XLV
CI,Cigna Corp,1.41%,XLV
BDX,Becton Dickinson and Company,1.40%,XLV
REGN,Regeneron Pharmaceuticals,1.26%,XLV
HCA,Hca Holdings Inc,1.19%,XLV
HUM,Humana Inc,1.11%,XLV
BSX,Boston Scientific Corp,1.09%,XLV
ILMN,Illumina Inc,1.05%,XLV
VRTX,Vertex Pharmaceutic,1.04%,XLV
IDXX,Idexx Laboratories,0.98%,XLV
DXCM,Dexcom,0.97%,XLV
IQV,Iqvia Holdings Inc,0.97%,XLV
CNC,Centene Corp,0.92%,XLV
A,Agilent Technologies,0.87%,XLV
ALGN,Align Technology,0.83%,XLV
BAX,Baxter International Inc,0.79%,XLV
RMD,Resmed Inc,0.70%,XLV
MTD,Mettler-Toledo International,0.68%,XLV
MCK,Mckesson Corp,0.68%,XLV
BIIB,Biogen Inc,0.66%,XLV
WST,West Pharmaceutical Services,0.62%,XLV
LH,Laboratory Corp of America Holdings,0.57%,XLV
ZBH,Zimmer Biomet Holdings,0.48%,XLV
CERN,Cerner Corp,0.44%,XLV
STE,Steris Corp,0.44%,XLV
CTLT,Catalent Inc,0.41%,XLV
WAT,Waters Corp,0.41%,XLV
PKI,Perkinelmer,0.40%,XLV
DGX,Quest Diagnostics Inc,0.40%,XLV
HOLX,Hologic Inc,0.37%,XLV
COO,Cooper Companies,0.37%,XLV
ABC,Amerisourcebergen Corp,0.35%,XLV
CRL,Charles River Laboratories Intl,0.34%,XLV
TECH,Bio-Techne Cp,0.34%,XLV
BIO,Bio-Rad Laboratories,0.30%,XLV
VTRS,Viatris Inc,0.30%,XLV
TFX,Teleflex Inc,0.28%,XLV
CAH,Cardinal Health,0.27%,XLV
ABMD,Abiomed Inc,0.27%,XLV
INCY,Incyte Corp,0.26%,XLV
XRAY,Dentsply Sirona Inc,0.22%,XLV
HSIC,Henry Schein Inc,0.19%,XLV
UHS,Universal Health Services,0.18%,XLV
OGN,Organon & CO,0.15%,XLV
DVA,Davita Healthcare Partners Inc,0.13%,XLV
XLV,S&P 500 Healthcare Sector SPDR,N/A,XLV
NEE,Nextera Energy,18.14%,XLU
DUK,Duke Energy Corp,8.06%,XLU
SO,Southern Company,7.17%,XLU
D,Dominion Resources,6.37%,XLU
EXC,Exelon Corp,5.33%,XLU
AEP,American Electric Power Company,4.41%,XLU
SRE,Sempra,4.12%,XLU
XEL,XCEL Energy Inc,3.72%,XLU
AWK,American Water Works,3.33%,XLU
PEG,Public Service Enterprise Group Inc,3.33%,XLU
ES,Eversource Energy,3.13%,XLU
WEC,Wisconsin Energy Corp,3.11%,XLU
ED,Consolidated Edison Company of New York,3.00%,XLU
EIX,Edison International,2.59%,XLU
DTE,Dte Energy Company,2.34%,XLU
AEE,Ameren Corp,2.29%,XLU
PPL,PPL Corp,2.27%,XLU
ETR,Entergy Corp,2.23%,XLU
FE,Firstenergy Corp,2.20%,XLU
CMS,Cms Energy Corp,1.90%,XLU
CNP,Centerpoint Energy Inc,1.66%,XLU
AES,The Aes Corp,1.61%,XLU
EVRG,Evergy Inc,1.56%,XLU
LNT,Alliant Energy Corp,1.53%,XLU
ATO,Atmos Energy Corp,1.31%,XLU
NI,NiSource Inc,1.06%,XLU
NRG,NRG Energy,0.98%,XLU
PNW,Pinnacle West Capital Corp,0.77%,XLU
XLU,S&P 500 Utilities Sector SPDR,N/A,XLU
UNP,Union Pacific Corp,5.22%,XLI
UPS,United Parcel Service,4.88%,XLI
HON,Honeywell International Inc,4.66%,XLI
RTX,Raytheon Technologies Corp,4.02%,XLI
CAT,Caterpillar Inc,3.64%,XLI
BA,Boeing Company,3.39%,XLI
MMM,3M Company,3.32%,XLI
GE,General Electric Company,3.27%,XLI
DE,Deere & Company,3.18%,XLI
LMT,Lockheed Martin Corp,2.74%,XLI
CSX,CSX Corp,2.66%,XLI
NSC,Norfolk Southern Corp,2.31%,XLI
ITW,Illinois Tool Works Inc,2.27%,XLI
ETN,Eaton Corp,2.17%,XLI
WM,Waste Management,2.07%,XLI
FDX,Fedex Corp,1.89%,XLI
NOC,Northrop Grumman Corp,1.84%,XLI
JCI,Johnson Controls Intl,1.81%,XLI
EMR,Emerson Electric Company,1.81%,XLI
INFO,IHS Markit Ltd,1.72%,XLI
ROP,Roper Industries,1.65%,XLI
TT,Trane Technologies Plc,1.55%,XLI
GD,General Dynamics Corp,1.54%,XLI
CARR,Carrier Global Corp,1.51%,XLI
LHX,L3Harris Technologies Inc,1.36%,XLI
ROK,Rockwell Automation Inc,1.30%,XLI
PH,Parker-Hannifin Corp,1.30%,XLI
CTAS,Cintas Corp,1.28%,XLI
VRSK,Verisk Analytics Inc,1.19%,XLI
OTIS,Otis Worldwide Corp,1.19%,XLI
FAST,Fastenal Company,1.17%,XLI
EFX,Equifax Inc,1.14%,XLI
AME,Amtek Inc,1.07%,XLI
ODFL,Old Dominion Freight Line Inc,1.06%,XLI
CMI,Cummins Inc,1.01%,XLI
SWK,Stanley Black & Decker Inc,1.00%,XLI
CPRT,Copart Inc,1.00%,XLI
TDG,Transdigm Group Inc,0.97%,XLI
PCAR,Paccar Inc,0.96%,XLI
RSG,Republic Services,0.94%,XLI
FTV,Fortive Corp,0.87%,XLI
DOV,Dover Corp,0.80%,XLI
URI,United Rentals,0.79%,XLI
IR,Ingersoll Rand Inc,0.78%,XLI
LUV,Southwest Airlines Company,0.75%,XLI
EXPD,Expeditors Intl,0.74%,XLI
DAL,Delta Air Lines Inc,0.74%,XLI
GWW,W.W. Grainger,0.72%,XLI
GNRC,Generac Holdings Inc,0.71%,XLI
XYL,Xylem Inc,0.69%,XLI
IEX,Idex Corp,0.59%,XLI
J,Jacobs Engineering Group Inc,0.58%,XLI
MAS,Masco Corp,0.55%,XLI
WAB,Wabtec Corp,0.54%,XLI
TXT,Textron Inc,0.54%,XLI
JBHT,J B Hunt Transport,0.53%,XLI
PWR,Quanta Services,0.50%,XLI
FBHS,Fortune Brands Home & Security,0.47%,XLI
CHRW,C.H. Robinson Ww,0.44%,XLI
UAL,United Airlines Holdings Inc,0.42%,XLI
LDOS,Leidos Holdings Inc,0.41%,XLI
RHI,Robert Half International Inc,0.39%,XLI
PNR,Pentair Ltd,0.39%,XLI
ALLE,Allegion Plc,0.38%,XLI
SNA,Snap-On Inc,0.38%,XLI
HWM,Howmet Aerospace Inc,0.37%,XLI
AOS,Smith A.O. Corp,0.36%,XLI
AAL,American Airlines Gp,0.34%,XLI
HII,Huntington Ingalls Industries,0.24%,XLI
ROL,Rollins Inc,0.24%,XLI
NLSN,Nielsen Holdings Plc,0.23%,XLI
ALK,Alaska Air Group,0.20%,XLI
XLI,S&P 500 Industrial Sector SPDR,N/A,XLI
FB,Meta Platforms Inc,22.34%,XLC
GOOGL,Alphabet Cl A,13.33%,XLC
GOOG,Alphabet Cl C,12.51%,XLC
NFLX,Netflix Inc,4.88%,XLC
VZ,Verizon Communications Inc,4.81%,XLC
TMUS,T-Mobile US,4.56%,XLC
T,AT&T Inc,4.31%,XLC
CMCSA,Comcast Corp A,4.07%,XLC
DIS,Walt Disney Company,3.99%,XLC
CHTR,Charter Communicatio,3.97%,XLC
ATVI,Activision Blizzard,3.45%,XLC
EA,Electronic Arts Inc,2.65%,XLC
MTCH,Match Group Inc,2.48%,XLC
TWTR,Twitter Inc,2.47%,XLC
TTWO,Take-Two Interacti,1.45%,XLC
VIAC,Viacom CBS Cl B,1.30%,XLC
OMC,Omnicom Group Inc,1.14%,XLC
IPG,Interpublic Group of Companies,1.04%,XLC
LYV,Live Nation Entertainment,0.96%,XLC
LUMN,Centurylink,0.88%,XLC
FOXA,Fox Corp Cl A,0.86%,XLC
NWSA,News Cp Cl A,0.60%,XLC
DISH,Dish Network Corp,0.58%,XLC
DISCK,Discovery Comm Inc,0.49%,XLC
FOX,Fox Corp Cl B,0.37%,XLC
DISCA,Discovery Comm A,0.28%,XLC
NWS,News Cp Cl B,0.19%,XLC
XLC,S&P 500 Communication Sector SPDR,N/A,XLC
XOM,Exxon Mobil Corp,22.29%,XLE
CVX,Chevron Corp,21.45%,XLE
COP,Conocophillips,4.48%,XLE
EOG,Eog Resources,4.44%,XLE
SLB,Schlumberger N.V.,4.41%,XLE
PXD,Pioneer Natural Resources Company,4.27%,XLE
MPC,Marathon Petroleum Corp,4.25%,XLE
WMB,Williams Companies,3.37%,XLE
PSX,Phillips 66,3.30%,XLE
KMI,Kinder Morgan,3.28%,XLE
VLO,Valero Energy Corp,2.98%,XLE
OKE,Oneok Inc,2.76%,XLE
DVN,Devon Energy Corp,2.70%,XLE
OXY,Occidental Petroleum Corp,2.67%,XLE
HES,Hess Corp,2.21%,XLE
BKR,Baker Hughes A Ge Co. Cl A,2.13%,XLE
HAL,Halliburton Company,2.13%,XLE
FANG,Diamondback Energy,1.90%,XLE
CTRA,Coterra Energy Inc,1.73%,XLE
MRO,Marathon Oil Corp,1.29%,XLE
APA,Apa Corp,1.00%,XLE
XLE,S&P 500 Energy Sector SPDR,N/A,XLE
LIN,Linde Plc,17.29%,XLB
SHW,Sherwin-Williams Company,8.30%,XLB
APD,Air Products and Chemicals,6.61%,XLB
ECL,Ecolab Inc,5.63%,XLB
FCX,Freeport-Mcmoran Inc,5.53%,XLB
NEM,Newmont Mining Corp,4.64%,XLB
DD,Du Pont De.Nemours Inc,4.05%,XLB
DOW,Dow Inc,4.01%,XLB
PPG,PPG Industries,3.96%,XLB
IFF,International Flavors & Fragrances,3.58%,XLB
CTVA,Corteva Inc,3.40%,XLB
NUE,Nucor Corp,3.29%,XLB
BLL,Ball Corp,2.97%,XLB
MLM,Martin Marietta Materials,2.70%,XLB
VMC,Vulcan Materials Company,2.68%,XLB
ALB,Albemarle Corp,2.66%,XLB
LYB,Lyondellbasell Industries NV,2.32%,XLB
AMCR,Amcor Plc,1.83%,XLB
IP,International Paper Company,1.81%,XLB
CE,Celanese Corp,1.78%,XLB
AVY,Avery Dennison Corp,1.72%,XLB
EMN,Eastman Chemical Company,1.61%,XLB
CF,Cf Industries Holdings,1.36%,XLB
FMC,FMC Corp,1.33%,XLB
MOS,Mosaic Company,1.33%,XLB
PKG,Packaging Corp of America,1.26%,XLB
WRK,Westrock Company,1.18%,XLB
SEE,Sealed Air Corp,0.97%,XLB
XLB,S&P 500 Materials Sector SPDR,N/A,XLB
AMT,American Tower Corp,11.86%,XLRE
PLD,Prologis Inc,11.25%,XLRE
CCI,Crown Castle International Corp,8.08%,XLRE
EQIX,Equinix Inc,6.89%,XLRE
PSA,Public Storage,5.16%,XLRE
SPG,Simon Property Group,4.65%,XLRE
DLR,Digital Realty Trust,4.53%,XLRE
SBAC,SBA Communications,3.78%,XLRE
O,Realty Income Corp,3.48%,XLRE
CBRE,CBRE Group Inc,3.32%,XLRE
WELL,Welltower Inc,3.27%,XLRE
AVB,Avalonbay Communities,3.20%,XLRE
ARE,Alexandria Real Estate Equities,2.80%,XLRE
EQR,Equity Residential,2.80%,XLRE
WY,Weyerhaeuser Company,2.77%,XLRE
EXR,Extra Space Storage Inc,2.67%,XLRE
MAA,Mid-America Apartment Communities,2.41%,XLRE
DRE,Duke Realty Corp,2.21%,XLRE
ESS,Essex Property Trust,2.08%,XLRE
VTR,Ventas Inc,1.80%,XLRE
PEAK,Healthpeak Properties Inc,1.75%,XLRE
UDR,United Dominion Realty Trust,1.53%,XLRE
BXP,Boston Properties,1.51%,XLRE
IRM,Iron Mountain Inc,1.37%,XLRE
KIM,Kimco Realty Corp,1.30%,XLRE
HST,Host Marriott Financial Trust,1.03%,XLRE
REG,Regency Centers Corp,1.02%,XLRE
FRT,Federal Realty Investment Trust,0.84%,XLRE
VNO,Vornado Realty Trust,0.60%,XLRE
XLRE,S&P 500 Real Estate Sector SPDR,N/A,XLRE
CCXI,Chemocentryx Inc,1.94%,XBI
DRNA,Dicerna Pharmaceutic,1.54%,XBI
ARNA,Arena Pharmaceuticals,1.37%,XBI
ACAD,Acadia Pharmaceutica,1.36%,XBI
MCRB,Seres Therapeutics Inc,1.15%,XBI
APLS,Apellis Pharmaceuticals Inc,1.14%,XBI
CYTK,Cytokinetics,1.09%,XBI
ABBV,Abbvie Inc,1.09%,XBI
FGEN,Fibrogen Inc CS,1.09%,XBI
VRTX,Vertex Pharmaceutic,0.99%,XBI
SRPT,Sarepta Therapeutics,0.95%,XBI
OPK,Opko Health Inc,0.95%,XBI
BMRN,Biomarin Pharmaceuticals,0.94%,XBI
VIR,Vir Biotechnology Inc,0.92%,XBI
AMGN,Amgen Inc,0.92%,XBI
RCUS,Arcus Biosciences Inc,0.92%,XBI
LGND,Ligand Pharm,0.90%,XBI
GILD,Gilead Sciences Inc,0.90%,XBI
ARWR,Arrowhead Pharma,0.90%,XBI
INCY,Incyte Corp,0.89%,XBI
BPMC,Blueprint Medicines Corp,0.89%,XBI
GBT,Global Blood Ther,0.87%,XBI
SWTX,Springworks Therapeutics Inc,0.87%,XBI
SGEN,Seagen Inc,0.86%,XBI
ALNY,Alnylam Pharmaceuticals,0.86%,XBI
INSM,Insmed Inc,0.86%,XBI
REGN,Regeneron Pharmaceuticals,0.86%,XBI
AVXL,Anavex Lf SC,0.84%,XBI
HZNP,Horizon Therapeutics,0.84%,XBI
ALEC,Alector Inc,0.84%,XBI
KRTX,Karuna Therapeutics Inc,0.82%,XBI
UTHR,United Therapeutic,0.82%,XBI
CDMO,Avid Bioservices Inc,0.82%,XBI
FOLD,Amicus Therapeutics,0.81%,XBI
ZNTL,Zentalis Pharmaceuticals Inc,0.81%,XBI
IRWD,Ironwood Pharmaceuti,0.81%,XBI
EXEL,Exelixis Inc,0.78%,XBI
PTCT,Ptc Therapeutics,0.77%,XBI
NBIX,Neurocrine Bioscienc,0.77%,XBI
TVTX,Travere Therapeutics Inc,0.77%,XBI
DNLI,Denali Therapeutics Inc,0.76%,XBI
HALO,Halozyme Therapeutic,0.76%,XBI
SAGE,Sage Therapeutic Com,0.76%,XBI
BHVN,Biohaven Pharmaceutical Holding Ltd,0.75%,XBI
RLAY,Relay Therapeutics Inc,0.74%,XBI
KOD,Kodiak Sciences Inc,0.74%,XBI
IONS,Ionis Pharmaceuticals,0.73%,XBI
MRTX,Mirati Therapeutics,0.72%,XBI
ISEE,Iveric Bio Inc,0.72%,XBI
ARCT,Arcturus Therapeutics Ltd,0.71%,XBI
DVAX,Dynavax Technologies,0.71%,XBI
NVAX,Novavax Inc,0.71%,XBI
VCYT,Veracyte Inc,0.70%,XBI
BIIB,Biogen Inc,0.69%,XBI
RARE,Ultragenyx Pharmaceu,0.69%,XBI
BCRX,Biocryst Pharma Inc,0.69%,XBI
IOVA,Iovance Biotherapeutics Inc,0.69%,XBI
RVMD,Revolution Medicines Inc,0.69%,XBI
ALLK,Allakos Inc,0.68%,XBI
HRTX,Heron Therapeutics,0.68%,XBI
CERE,Cerevel Therapeutics Hldg Inc,0.68%,XBI
MDGL,Madrigal Pharmaceuticals Inc,0.67%,XBI
FATE,Fate Therapeutics,0.66%,XBI
INO,Inovio Pharma,0.66%,XBI
VXRT,Vaxart Inc,0.66%,XBI
SRNE,Sorrento Therpt,0.66%,XBI
KYMR,Kymera Therapeutics Inc,0.66%,XBI
EBS,Emergent Biosolutions,0.66%,XBI
NTRA,Natera Inc,0.65%,XBI
EXAS,Exact Sciences Cor,0.65%,XBI
BBIO,Bridgebio Pharma Inc,0.65%,XBI
MYGN,Myriad Genetics Inc,0.64%,XBI
ALKS,Alkermes Plc,0.64%,XBI
KPTI,Karyopharm Therapeut,0.63%,XBI
NTLA,Intellia Thera CS,0.63%,XBI
ICPT,Intercept Pharmaceuticals,0.63%,XBI
OCGN,Ocugen Inc,0.62%,XBI
AGIO,Agios Pharmaceuticals,0.61%,XBI
RGNX,Regenxbio Inc,0.61%,XBI
VCEL,Vericel Corproation,0.61%,XBI
BEAM,Beam Therapeutics Inc,0.61%,XBI
GTHX,G1 Therapeutics Inc,0.60%,XBI
MNKD,Mannkind Corp,0.59%,XBI
CLDX,Celldex Therapeutics,0.58%,XBI
PTGX,Protagonist Therapeutics Inc,0.57%,XBI
IMGN,Immunogen Inc,0.56%,XBI
TWST,Twist Bioscience Corp,0.56%,XBI
CHRS,Coherus Bio,0.56%,XBI
CLVS,Clovis Oncology Inc,0.56%,XBI
MRNA,Moderna Inc,0.55%,XBI
RCKT,Rocket Pharmaceuticals Inc,0.54%,XBI
CDNA,Caredx Inc,0.53%,XBI
HGEN,Humanigen Inc,0.53%,XBI
ATRA,Atara Biotherap,0.53%,XBI
ALLO,Allogene Therapeutics Inc,0.53%,XBI
ENTA,Enanta Pharmaceutica,0.52%,XBI
PMVP,Pmv Pharmaceuticals Inc,0.51%,XBI
CCCC,C4 Therapeutics Inc,0.51%,XBI
PRTA,Prothena Corp,0.50%,XBI
TSVT,2Seventy Bio Inc,0.49%,XBI
MGNX,Macrogenics,0.49%,XBI
CVM,Cel-Sci Corp,0.48%,XBI
MYOV,Myovant Sciences Ltd,0.47%,XBI
TGTX,Tg Therapeuticscmn,0.47%,XBI
XNCR,Xencor Inc,0.47%,XBI
BLUE,Bluebird Bio,0.46%,XBI
KRYS,Krystal Biotech Inc,0.46%,XBI
CRIS,Curis Inc,0.45%,XBI
AKBA,Akebia Therapeutics,0.45%,XBI
AGEN,Agenus Inc,0.45%,XBI
REPL,Replimune Group Inc,0.45%,XBI
TPTX,Turning Point Therapeutics Inc,0.44%,XBI
NRIX,Nurix Therapeutics Inc,0.44%,XBI
NVTA,Invitae Corp,0.44%,XBI
SGMO,Sangamo Therapeutics,0.43%,XBI
ALT,Altimmune Inc,0.42%,XBI
KURA,Kura Oncology,0.42%,XBI
IMVT,Immunovant Inc,0.41%,XBI
DMTK,Dermtech Inc,0.40%,XBI
SNDX,Syndax Pharma,0.39%,XBI
ORGO,Organogenesis Holdings Inc,0.38%,XBI
VNDA,Vanda Pharmaceuticals,0.38%,XBI
EDIT,Editas Medicine,0.37%,XBI
CPRX,Catalyst Pharm Inc,0.37%,XBI
IBRX,Immunitybio Inc,0.37%,XBI
MORF,Morphic Holding Inc,0.36%,XBI
BTAI,Bioxcel Therapeutics Inc,0.35%,XBI
QURE,Uniqure N.V.,0.35%,XBI
RXRX,Recursion Pharmaceuticals Inc Cl A,0.34%,XBI
KROS,Keros Therapeutics Inc,0.34%,XBI
SANA,Sana Biotechnology Inc,0.34%,XBI
KNSA,Kiniksa Pharmaceuticals Ltd,0.32%,XBI
VBIV,Vbi Vaccines Inc CS,0.32%,XBI
RUBY,Rubius Therapeutics Inc,0.31%,XBI
ANAB,Anaptysbio Inc,0.30%,XBI
SPPI,Spectrum Pharma Inc,0.29%,XBI
CTMX,Cytomx Thera,0.28%,XBI
EGRX,Eagle Pharmaceuticals,0.28%,XBI
VSTM,Verastem Inc,0.28%,XBI
ALDX,Aldeyra Therapeu,0.28%,XBI
RNA,Avidity Biosciences Inc,0.26%,XBI
ALBO,Albireo Pharma Inc,0.26%,XBI
MRSN,Mersana Therapeutics Inc,0.26%,XBI
SRRK,Scholar Rock Holding Corp,0.25%,XBI
AKRO,Akero Therapeutics Inc,0.24%,XBI
STRO,Sutro Biopharma Inc,0.24%,XBI
IGMS,Igm Biosciences Inc,0.23%,XBI
RYTM,Rhythm Pharmaceuticals Inc,0.23%,XBI
BCAB,Bioatla Inc,0.22%,XBI
CMRX,Chimerix Inc,0.21%,XBI
GOSS,Gossamer Bio Inc,0.21%,XBI
FMTX,Forma Therapeutics Holdings Inc,0.20%,XBI
RIGL,Rigel Pharmaceuticals,0.20%,XBI
NKTX,Nkarta Inc,0.20%,XBI
KDNY,Chinook Therapeutics Inc,0.20%,XBI
EPZM,Epizyme Inc,0.20%,XBI
ALXO,Alx Oncology Holdings Inc,0.20%,XBI
DTIL,Precision Biosciences Inc,0.19%,XBI
IDYA,Ideaya Biosciences Inc,0.19%,XBI
CRNX,Crinetics Pharmaceuticals Inc,0.19%,XBI
AMTI,Applied Molecular Transport Inc,0.18%,XBI
PGEN,Precigen Inc,0.18%,XBI
YMAB,Y-Mabs Therapeutics Inc,0.18%,XBI
STOK,Stoke Therapeutics Inc,0.17%,XBI
VKTX,Viking Thera,0.17%,XBI
DCPH,Deciphera Pharmaceuticals Inc,0.17%,XBI
PCVX,Vaxcyte Inc,0.17%,XBI
ALVR,Allovir Inc,0.16%,XBI
RDUS,Radius Health,0.15%,XBI
ANIK,Anika Therapeutics,0.15%,XBI
GERN,Geron Corp,0.14%,XBI
KALV,Kalvista Pharmaceuticals Inc,0.14%,XBI
MDXG,Mimedx Group Inc,0.14%,XBI
PRLD,Prelude Therapeutics Incorporated,0.14%,XBI
ARQT,Arcutis Biotherapeutics Inc,0.14%,XBI
SELB,Selecta Biosciences,0.14%,XBI
ZIOP,Ziopharm Oncology IN,0.13%,XBI
VTGN,Vistagen Therap. Com,0.12%,XBI
CUE,Cue Biopharma Inc,0.12%,XBI
LCTX,Lineage Cell Therapeutics Inc,0.12%,XBI
ORIC,Oric Pharmaceuticals Inc,0.11%,XBI
GBIO,Generation Bio CO,0.10%,XBI
CRTX,Cortexyme Inc,0.09%,XBI
TCRR,Tcr2 Therapeutics Inc,0.07%,XBI
SPRO,Spero Therapeutics Inc,0.07%,XBI
RCEL,Avita Medical Inc,0.07%,XBI
XBI,S&P Biotech SPDR,N/A,XBI
LESL,Leslie's Inc,1.11%,XRT
CHWY,Chewy Inc,1.10%,XRT
SFM,Sprouts Farmers Market,1.10%,XRT
GO,Grocery Outlet Holding Corp,1.07%,XRT
CASY,Casey's General Stor,1.07%,XRT
MUSA,Murphy USA Inc,1.05%,XRT
ACI,Albertsons Companies Inc Cl A,1.04%,XRT
KR,Kroger Company,1.04%,XRT
DG,Dollar General Corp,1.04%,XRT
AMZN,Amazon.com Inc,1.03%,XRT
W,Wayfair Inc,1.03%,XRT
GPS,Gap Inc,1.03%,XRT
LAD,Lithia Motors,1.03%,XRT
TJX,TJX Companies,1.03%,XRT
AZO,Autozone,1.03%,XRT
WOOF,Petco Health and Wellness Company Cl A,1.03%,XRT
ORLY,O'Reilly Automotive,1.02%,XRT
GRPN,Groupon Cl A,1.02%,XRT
WBA,Walgreens Boots Alliance,1.02%,XRT
ETSY,Etsy Inc,1.02%,XRT
WMT,Walmart Inc,1.02%,XRT
PRCH,Porch Group Inc,1.02%,XRT
SFIX,Stitch Fix Inc,1.02%,XRT
OLLI,Ollies Bargain CS,1.01%,XRT
VSCO,Victorias Secret & CO,1.01%,XRT
GME,Gamestop Corp,1.01%,XRT
COST,Costco Wholesale,1.01%,XRT
PRTS,U.S. Auto Parts Netw,1.01%,XRT
CWH,Camping World Holdings Inc,1.01%,XRT
BJ,Bj's Wholesale Club Holdings Inc,1.01%,XRT
AAP,Advance Auto Parts Inc,1.00%,XRT
JWN,Nordstrom,1.00%,XRT
TSCO,Tractor Supply Company,1.00%,XRT
DBI,Designer Brands Inc,1.00%,XRT
HZO,Marinemax Inc,1.00%,XRT
BBY,Best Buy Company,1.00%,XRT
DLTR,Dollar Tree Inc,1.00%,XRT
PAG,Penske Automotive Group,1.00%,XRT
QRTEA,Qurate Retail Inc Series A,0.99%,XRT
EYE,National Vision Holdings Inc,0.99%,XRT
EBAY,Ebay Inc,0.99%,XRT
ROST,Ross Stores Inc,0.99%,XRT
BURL,Burlington Stores Inc,0.99%,XRT
POSH,Poshmark Inc Cl A,0.99%,XRT
SSTK,Shutterstock Inc,0.99%,XRT
ABG,Asbury Automotive Group Inc,0.99%,XRT
SIG,Signet Jewelers Ltd,0.99%,XRT
BIG,Big Lots,0.98%,XRT
FL,Footlocker Inc,0.98%,XRT
ODP,Office Depot,0.98%,XRT
ANF,Abercrombie & Fitch Company,0.98%,XRT
ULTA,Ulta Beauty Inc,0.98%,XRT
AN,Autonation Inc,0.98%,XRT
GPI,Group 1 Automotive,0.98%,XRT
DASH,Doordash Inc Cl A,0.98%,XRT
RCII,Rent-A-Center Inc,0.98%,XRT
CAL,Caleres Inc,0.98%,XRT
SAH,Sonic Automotive,0.97%,XRT
TGT,Target Corp,0.97%,XRT
RAD,Rite Aid Corp,0.97%,XRT
HIBB,Hibbett Inc,0.97%,XRT
ZUMZ,Zumiez Inc,0.97%,XRT
VRM,Vroom Inc,0.97%,XRT
URBN,Urban Outfitters Inc,0.96%,XRT
FLWS,1-800-Flowers.com,0.96%,XRT
KSS,Kohl's Corp,0.96%,XRT
KMX,Carmax Inc,0.95%,XRT
M,Macy's Inc,0.95%,XRT
DDS,Dillard's,0.95%,XRT
DKS,Dick's Sporting Goods Inc,0.95%,XRT
BBWI,Bath & Body Works Inc,0.95%,XRT
MNRO,Monro Muffler Brak,0.94%,XRT
GES,Guess Inc,0.94%,XRT
TDUP,Thredup Inc Cl A,0.94%,XRT
FIVE,Five Below Inc,0.94%,XRT
WISH,Contextlogic Inc Cl A,0.94%,XRT
PRTY,Party City Holdco Inc,0.93%,XRT
RVLV,Revolve Group Inc,0.93%,XRT
AEO,American Eagle Outfitters,0.92%,XRT
BGFV,Big 5 Sporting,0.91%,XRT
OSTK,Overstock.com Inc,0.91%,XRT
SBH,Sally Beauty Holdings,0.90%,XRT
PETS,Petmed Express Inc,0.90%,XRT
BOOT,Boot Barn Holdings Inc,0.90%,XRT
PLCE,Children's Place Inc,0.89%,XRT
SCVL,Shoe Carnival Inc,0.89%,XRT
EVGO,Evgo Inc,0.89%,XRT
ASO,Academy Sports and Outdoors Inc,0.88%,XRT
BARK,The Original Bark CO,0.88%,XRT
REAL,The Realreal Inc,0.87%,XRT
BKE,Buckle Inc,0.86%,XRT
CVNA,Carvana Co. Cl A,0.86%,XRT
SFT,Shift Technologies Inc,0.86%,XRT
CTRN,Citi Trends Inc,0.84%,XRT
CHS,Chico's Fas,0.77%,XRT
GCO,Genesco Inc,0.75%,XRT
QUOT,Quotient Technology Inc,0.72%,XRT
TA,Travelcenters of America Llc,0.72%,XRT
CONN,Conn's Inc,0.71%,XRT
SPWH,Sportsman's Wareh,0.69%,XRT
FRG,Franchise Group Inc,0.63%,XRT
PSMT,Pricesmart Inc,0.63%,XRT
CRMT,America's Car-Mart,0.56%,XRT
IMKTA,Ingles Markets Inc,0.56%,XRT
WMK,Weis Markets,0.39%,XRT
LQDT,Liquidity Services,0.35%,XRT
ARKO,Arko Corp,0.35%,XRT
ONEW,Onewater Marine Inc Cl A,0.24%,XRT
WINA,Winmark Corp,0.15%,XRT
XRT,S&P Retail SPDR,N/A,XRT
TSM,Taiwan Semiconductor Manufacturing ADR,10.91%,SMH
NVDA,Nvidia Corp,8.87%,SMH
QCOM,Qualcomm Inc,5.64%,SMH
AVGO,Broadcom Ltd,5.61%,SMH
INTC,Intel Corp,5.24%,SMH
TXN,Texas Instruments,5.24%,SMH
MU,Micron Technology,4.84%,SMH
ASML,Asml Holdings NY Reg ADR,4.68%,SMH
AMD,Adv Micro Devices,4.63%,SMH
ADI,Analog Devices,4.47%,SMH
AMAT,Applied Materials,4.41%,SMH
LRCX,Lam Research Corp,4.22%,SMH
NXPI,Nxp Semiconductors,3.85%,SMH
KLAC,K L A-Tencor Corp,3.62%,SMH
XLNX,Xilinx Inc,3.55%,SMH
MRVL,Marvell Technology Inc,3.51%,SMH
SNPS,Synopsys Inc,3.04%,SMH
MCHP,Microchip Technology,2.61%,SMH
CDNS,Cadence Design Sys,2.53%,SMH
STM,Stmicroelectronics N.V. ADR,2.42%,SMH
SWKS,Skyworks Solutions,1.67%,SMH
ON,On Semiconductor,1.50%,SMH
TER,Teradyne Inc,1.32%,SMH
QRVO,Qorvo Inc,1.08%,SMH
OLED,Universal Display,0.48%,SMH
SMH,Vaneck Semiconductor ETF,0.00%,SMH
AAPL,Apple Inc.,6.51%,SPX
MSFT,Microsoft Corporation,5.80%,SPX
AMZN,Amazon.com Inc.,2.83%,SPX
GOOGL,Alphabet Inc. Class A,2.03%,SPX
GOOG,Alphabet Inc. Class C,1.89%,SPX
TSLA,Tesla Inc,1.76%,SPX
BRK.B,Berkshire Hathaway Inc. Class B,1.61%,SPX
JNJ,Johnson & Johnson,1.40%,SPX
UNH,UnitedHealth Group Incorporated,1.38%,SPX
XOM,Exxon Mobil Corporation,1.29%,SPX
NVDA,NVIDIA Corporation,1.25%,SPX
META,Meta Platforms Inc. Class A,1.20%,SPX
JPM,JPMorgan Chase & Co.,1.07%,SPX
PG,Procter & Gamble Company,1.02%,SPX
CVX,Chevron Corporation,1.02%,SPX
V,Visa Inc. Class A,1.02%,SPX
HD,Home Depot Inc.,0.92%,SPX
MA,Mastercard Incorporated Class A,0.88%,SPX
PFE,Pfizer Inc.,0.85%,SPX
ABBV,AbbVie Inc.,0.77%,SPX
KO,Coca-Cola Company,0.73%,SPX
LLY,Eli Lilly and Company,0.73%,SPX
BAC,Bank of America Corp,0.71%,SPX
PEP,PepsiCo Inc.,0.68%,SPX
MRK,Merck & Co. Inc.,0.68%,SPX
AVGO,Broadcom Inc.,0.68%,SPX
VZ,Verizon Communications Inc.,0.65%,SPX
TMO,Thermo Fisher Scientific Inc.,0.64%,SPX
COST,Costco Wholesale Corporation,0.63%,SPX
ABT,Abbott Laboratories,0.58%,SPX
CSCO,Cisco Systems Inc.,0.57%,SPX
CMCSA,Comcast Corporation Class A,0.57%,SPX
MCD,McDonald's Corporation,0.57%,SPX
ADBE,Adobe Incorporated,0.55%,SPX
ACN,Accenture Plc Class A,0.55%,SPX
DIS,Walt Disney Company,0.54%,SPX
WMT,Walmart Inc.,0.54%,SPX
CRM,Salesforce Inc.,0.51%,SPX
BMY,Bristol-Myers Squibb Company,0.50%,SPX
DHR,Danaher Corporation,0.49%,SPX
LIN,Linde plc,0.49%,SPX
INTC,Intel Corporation,0.49%,SPX
PM,Philip Morris International Inc.,0.48%,SPX
WFC,Wells Fargo & Company,0.47%,SPX
COP,ConocoPhillips,0.46%,SPX
QCOM,Qualcomm Incorporated,0.46%,SPX
AMD,Advanced Micro Devices Inc.,0.45%,SPX
NEE,NextEra Energy Inc.,0.45%,SPX
TXN,Texas Instruments Incorporated,0.45%,SPX
T,AT&T Inc.,0.44%,SPX
NKE,NIKE Inc. Class B,0.44%,SPX
RTX,Raytheon Technologies Corporation,0.43%,SPX
AMGN,Amgen Inc.,0.42%,SPX
UNP,Union Pacific Corporation,0.42%,SPX
HON,Honeywell International Inc.,0.40%,SPX
UPS,United Parcel Service Inc. Class B,0.40%,SPX
LOW,Lowe's Companies Inc.,0.39%,SPX
IBM,International Business Machines Corporation,0.38%,SPX
MDT,Medtronic Plc,0.38%,SPX
CVS,CVS Health Corporation,0.38%,SPX
SPGI,S&P Global Inc.,0.36%,SPX
ANTM,Anthem Inc.,0.35%,SPX
CAT,Caterpillar Inc.,0.35%,SPX
AMT,American Tower Corporation,0.35%,SPX
MS,Morgan Stanley,0.34%,SPX
INTU,Intuit Inc.,0.34%,SPX
LMT,Lockheed Martin Corporation,0.33%,SPX
ORCL,Oracle Corporation,0.32%,SPX
GS,Goldman Sachs Group Inc.,0.30%,SPX
DE,Deere & Company,0.29%,SPX
C,Citigroup Inc.,0.29%,SPX
SCHW,Charles Schwab Corp,0.29%,SPX
AXP,American Express Company,0.28%,SPX
NOW,ServiceNow Inc.,0.28%,SPX
ADP,Automatic Data Processing Inc.,0.27%,SPX
MO,Altria Group Inc,0.27%,SPX
PYPL,PayPal Holdings Inc.,0.27%,SPX
AMAT,Applied Materials Inc.,0.27%,SPX
BLK,BlackRock Inc.,0.27%,SPX
CB,Chubb Limited,0.27%,SPX
SBUX,Starbucks Corporation,0.26%,SPX
MDLZ,Mondelez International Inc. Class A,0.26%,SPX
BKNG,Booking Holdings Inc.,0.26%,SPX
PLD,Prologis Incorporated,0.25%,SPX
DUK,Duke Energy Corporation,0.25%,SPX
CI,Cigna Corporation,0.25%,SPX
MMM,3M Company,0.24%,SPX
EOG,EOG Resources Inc.,0.24%,SPX
ADI,Analog Devices Inc.,0.24%,SPX
NFLX,Netflix Inc.,0.24%,SPX
GE,General Electric Company,0.24%,SPX
MMC,Marsh & McLennan Companies Inc.,0.24%,SPX
GILD,Gilead Sciences Inc.,0.24%,SPX
ZTS,Zoetis Inc. Class A,0.23%,SPX
TMUS,T-Mobile US Inc.,0.23%,SPX
CME,CME Group Inc. Class A,0.22%,SPX
SO,Southern Company,0.22%,SPX
CCI,Crown Castle International Corp,0.22%,SPX
ISRG,Intuitive Surgical Inc.,0.22%,SPX
SYK,Stryker Corporation,0.22%,SPX
TGT,Target Corporation,0.22%,SPX
BDX,Becton Dickinson and Company,0.21%,SPX
TJX,TJX Companies Inc,0.21%,SPX
NOC,Northrop Grumman Corp,0.21%,SPX
PGR,Progressive Corporation,0.21%,SPX
MU,Micron Technology Inc.,0.21%,SPX
PNC,PNC Financial Services Group Inc.,0.21%,SPX
CSX,CSX Corporation,0.21%,SPX
CL,Colgate-Palmolive Company,0.21%,SPX
BA,Boeing Company,0.20%,SPX
USB,U.S. Bancorp,0.20%,SPX
LRCX,Lam Research Corporation,0.20%,SPX
VRTX,Vertex Pharmaceuticals Incorporated,0.20%,SPX
SLB,Schlumberger NV,0.19%,SPX
TFC,Truist Financial Corporation,0.19%,SPX
D,Dominion Energy Inc,0.19%,SPX
MPC,Marathon Petroleum Corporation,0.19%,SPX
PXD,Pioneer Natural Resources Company,0.19%,SPX
REGN,Regeneron Pharmaceuticals Inc.,0.19%,SPX
ATVI,Activision Blizzard Inc.,0.18%,SPX
FIS,Fidelity National Information Services Inc.,0.18%,SPX
SHW,Sherwin-Williams Company,0.18%,SPX
WM,Waste Management Inc.,0.18%,SPX
EQIX,Equinix Inc.,0.18%,SPX
EL,Estee Lauder Companies Inc. Class A,0.18%,SPX
EW,Edwards Lifesciences Corporation,0.17%,SPX
HUM,Humana Inc.,0.17%,SPX
AON,Aon Plc Class A,0.17%,SPX
FCX,Freeport-McMoRan Inc.,0.17%,SPX
ICE,Intercontinental Exchange Inc.,0.17%,SPX
CHTR,Charter Communications Inc. Class A,0.17%,SPX
ITW,Illinois Tool Works Inc.,0.17%,SPX
DG,Dollar General Corporation,0.17%,SPX
VLO,Valero Energy Corporation,0.17%,SPX
APD,Air Products and Chemicals Inc.,0.17%,SPX
NSC,Norfolk Southern Corporation,0.17%,SPX
FISV,Fiserv Inc.,0.17%,SPX
OXY,Occidental Petroleum Corporation,0.17%,SPX
ETN,Eaton Corp. Plc,0.17%,SPX
BSX,Boston Scientific Corporation,0.16%,SPX
NEM,Newmont Corporation,0.16%,SPX
EMR,Emerson Electric Co.,0.16%,SPX
GD,General Dynamics Corporation,0.16%,SPX
FDX,FedEx Corporation,0.16%,SPX
KLAC,KLA Corporation,0.15%,SPX
PSX,Phillips 66,0.15%,SPX
SRE,Sempra Energy,0.15%,SPX
AEP,American Electric Power Company Inc.,0.15%,SPX
GM,General Motors Company,0.15%,SPX
F,Ford Motor Company,0.15%,SPX
MCK,McKesson Corporation,0.15%,SPX
ADM,Archer-Daniels-Midland Company,0.14%,SPX
LHX,L3Harris Technologies Inc,0.14%,SPX
PSA,Public Storage,0.14%,SPX
NXPI,NXP Semiconductors NV,0.14%,SPX
SNPS,Synopsys Inc.,0.14%,SPX
HCA,HCA Healthcare Inc,0.14%,SPX
COF,Capital One Financial Corp,0.14%,SPX
CNC,Centene Corporation,0.14%,SPX
DVN,Devon Energy Corporation,0.14%,SPX
DOW,Dow Inc.,0.14%,SPX
MET,MetLife Inc.,0.14%,SPX
MCO,Moody's Corporation,0.14%,SPX
AIG,American International Group Inc.,0.14%,SPX
KMB,Kimberly-Clark Corporation,0.13%,SPX
EXC,Exelon Corporation,0.13%,SPX
AZO,AutoZone Inc.,0.13%,SPX
MAR,Marriott International Inc. Class A,0.13%,SPX
MRNA,Moderna Inc.,0.13%,SPX
CTVA,Corteva Inc,0.13%,SPX
GIS,General Mills Inc.,0.13%,SPX
ROP,Roper Technologies Inc.,0.13%,SPX
TRV,Travelers Companies Inc.,0.13%,SPX
SYY,Sysco Corporation,0.13%,SPX
WMB,Williams Companies Inc.,0.13%,SPX
ORLY,O'Reilly Automotive Inc.,0.13%,SPX
CDNS,Cadence Design Systems Inc.,0.12%,SPX
APH,Amphenol Corporation Class A,0.12%,SPX
TEL,TE Connectivity Ltd.,0.12%,SPX
IQV,IQVIA Holdings Inc,0.12%,SPX
ADSK,Autodesk Inc.,0.12%,SPX
ECL,Ecolab Inc.,0.12%,SPX
STZ,Constellation Brands Inc. Class A,0.12%,SPX
PAYX,Paychex Inc.,0.12%,SPX
XEL,Xcel Energy Inc.,0.12%,SPX
HPQ,HP Inc.,0.12%,SPX
EA,Electronic Arts Inc.,0.11%,SPX
DLR,Digital Realty Trust Inc.,0.11%,SPX
FTNT,Fortinet Inc.,0.11%,SPX
O,Realty Income Corporation,0.11%,SPX
BAX,Baxter International Inc.,0.11%,SPX
PRU,Prudential Financial Inc.,0.11%,SPX
CTSH,Cognizant Technology Solutions Corporation Class A,0.11%,SPX
JCI,Johnson Controls International plc,0.11%,SPX
KMI,Kinder Morgan Inc Class P,0.11%,SPX
A,Agilent Technologies Inc.,0.11%,SPX
DLTR,Dollar Tree Inc.,0.11%,SPX
ALL,Allstate Corporation,0.11%,SPX
CMG,Chipotle Mexican Grill Inc.,0.11%,SPX
MSI,Motorola Solutions Inc.,0.11%,SPX
WELL,Welltower Inc,0.11%,SPX
HAL,Halliburton Company,0.11%,SPX
SBAC,SBA Communications Corp. Class A,0.11%,SPX
KR,Kroger Co.,0.10%,SPX
HLT,Hilton Worldwide Holdings Inc,0.10%,SPX
HES,Hess Corporation,0.10%,SPX
MCHP,Microchip Technology Incorporated,0.10%,SPX
PH,Parker-Hannifin Corporation,0.10%,SPX
AFL,Aflac Incorporated,0.10%,SPX
ED,Consolidated Edison Inc.,0.10%,SPX
YUM,Yum! Brands Inc.,0.10%,SPX
MSCI,MSCI Inc. Class A,0.10%,SPX
SPG,Simon Property Group Inc.,0.10%,SPX
PEG,Public Service Enterprise Group Inc,0.10%,SPX
MNST,Monster Beverage Corporation,0.10%,SPX
AJG,Arthur J. Gallagher & Co.,0.10%,SPX
CTAS,Cintas Corporation,0.10%,SPX
DD,DuPont de Nemours Inc.,0.10%,SPX
GPN,Global Payments Inc.,0.10%,SPX
CARR,Carrier Global Corp.,0.10%,SPX
WBD,Warner Bros. Discovery Inc. Series A,0.10%,SPX
BK,Bank of New York Mellon Corp,0.10%,SPX
NUE,Nucor Corporation,0.10%,SPX
HSY,Hershey Company,0.09%,SPX
IFF,International Flavors & Fragrances Inc.,0.09%,SPX
ILMN,Illumina Inc.,0.09%,SPX
OTIS,Otis Worldwide Corporation,0.09%,SPX
BKR,Baker Hughes Company Class A,0.09%,SPX
WEC,WEC Energy Group Inc,0.09%,SPX
TT,Trane Technologies plc,0.09%,SPX
RMD,ResMed Inc.,0.09%,SPX
TWTR,Twitter Inc.,0.09%,SPX
MTB,M&T Bank Corporation,0.09%,SPX
WBA,Walgreens Boots Alliance Inc,0.09%,SPX
TDG,TransDigm Group Incorporated,0.09%,SPX
ES,Eversource Energy,0.09%,SPX
PCAR,PACCAR Inc,0.09%,SPX
FAST,Fastenal Company,0.09%,SPX
IDXX,IDEXX Laboratories Inc.,0.09%,SPX
BIIB,Biogen Inc.,0.09%,SPX
CMI,Cummins Inc.,0.09%,SPX
OKE,ONEOK Inc.,0.09%,SPX
MTD,Mettler-Toledo International Inc.,0.08%,SPX
EBAY,eBay Inc.,0.08%,SPX
PPG,PPG Industries Inc.,0.08%,SPX
AMP,Ameriprise Financial Inc.,0.08%,SPX
ROST,Ross Stores Inc.,0.08%,SPX
DFS,Discover Financial Services,0.08%,SPX
CTRA,Coterra Energy Inc.,0.08%,SPX
DXCM,DexCom Inc.,0.08%,SPX
RSG,Republic Services Inc.,0.08%,SPX
AVB,AvalonBay Communities Inc.,0.08%,SPX
VRSK,Verisk Analytics Inc,0.08%,SPX
ALB,Albemarle Corporation,0.08%,SPX
AME,AMETEK Inc.,0.08%,SPX
APTV,Aptiv PLC,0.08%,SPX
LYB,LyondellBasell Industries NV,0.08%,SPX
WY,Weyerhaeuser Company,0.08%,SPX
KHC,Kraft Heinz Company,0.08%,SPX
AWK,American Water Works Company Inc.,0.08%,SPX
FANG,Diamondback Energy Inc.,0.08%,SPX
TROW,T. Rowe Price Group,0.08%,SPX
KEYS,Keysight Technologies Inc,0.08%,SPX
TSN,Tyson Foods Inc. Class A,0.08%,SPX
FRC,First Republic Bank,0.08%,SPX
VICI,VICI Properties Inc,0.08%,SPX
ENPH,Enphase Energy Inc.,0.08%,SPX
GLW,Corning Inc,0.08%,SPX
WTW,Willis Towers Watson Public Limited Company,0.08%,SPX
EIX,Edison International,0.07%,SPX
DTE,DTE Energy Company,0.07%,SPX
EQR,Equity Residential,0.07%,SPX
FITB,Fifth Third Bancorp,0.07%,SPX
SIVB,SVB Financial Group,0.07%,SPX
CBRE,CBRE Group Inc. Class A,0.07%,SPX
ROK,Rockwell Automation Inc.,0.07%,SPX
STT,State Street Corporation,0.07%,SPX
ZBH,Zimmer Biomet Holdings Inc.,0.07%,SPX
ODFL,Old Dominion Freight Line Inc.,0.07%,SPX
CPRT,Copart Inc.,0.07%,SPX
MRO,Marathon Oil Corporation,0.07%,SPX
FE,FirstEnergy Corp.,0.07%,SPX
LUV,Southwest Airlines Co.,0.07%,SPX
HIG,Hartford Financial Services Group Inc.,0.07%,SPX
AEE,Ameren Corporation,0.07%,SPX
ETR,Entergy Corporation,0.07%,SPX
BALL,Ball Corporation,0.07%,SPX
TSCO,Tractor Supply Company,0.07%,SPX
EFX,Equifax Inc.,0.07%,SPX
CDW,CDW Corp.,0.07%,SPX
DHI,D.R. Horton Inc.,0.07%,SPX
MKC,McCormick & Company Incorporated,0.07%,SPX
ULTA,Ulta Beauty Inc,0.07%,SPX
ABC,AmerisourceBergen Corporation,0.07%,SPX
EXR,Extra Space Storage Inc.,0.07%,SPX
STE,STERIS Plc,0.07%,SPX
WST,West Pharmaceutical Services Inc.,0.07%,SPX
GWW,W.W. Grainger Inc.,0.07%,SPX
CHD,Church & Dwight Co. Inc.,0.06%,SPX
ANET,Arista Networks Inc.,0.06%,SPX
DAL,Delta Air Lines Inc.,0.06%,SPX
NTRS,Northern Trust Corporation,0.06%,SPX
MTCH,Match Group Inc.,0.06%,SPX
FTV,Fortive Corp.,0.06%,SPX
PPL,PPL Corporation,0.06%,SPX
VMC,Vulcan Materials Company,0.06%,SPX
LH,Laboratory Corporation of America Holdings,0.06%,SPX
ANSS,ANSYS Inc.,0.06%,SPX
ARE,Alexandria Real Estate Equities Inc.,0.06%,SPX
MLM,Martin Marietta Materials Inc.,0.06%,SPX
WAT,Waters Corporation,0.06%,SPX
VTR,Ventas Inc.,0.06%,SPX
TTWO,Take-Two Interactive Software Inc.,0.06%,SPX
DRE,Duke Realty Corporation,0.06%,SPX
IT,Gartner Inc.,0.06%,SPX
URI,United Rentals Inc.,0.06%,SPX
MOS,Mosaic Company,0.06%,SPX
GPC,Genuine Parts Company,0.06%,SPX
CMS,CMS Energy Corporation,0.06%,SPX
AMCR,Amcor PLC,0.06%,SPX
CF,CF Industries Holdings Inc.,0.06%,SPX
CTLT,Catalent Inc,0.06%,SPX
MAA,Mid-America Apartment Communities Inc.,0.06%,SPX
RF,Regions Financial Corporation,0.06%,SPX
LEN,Lennar Corporation Class A,0.06%,SPX
FLT,FLEETCOR Technologies Inc.,0.06%,SPX
CEG,Constellation Energy Corporation,0.06%,SPX
CNP,CenterPoint Energy Inc.,0.06%,SPX
PWR,Quanta Services Inc.,0.06%,SPX
ALGN,Align Technology Inc.,0.06%,SPX
HPE,Hewlett Packard Enterprise Co.,0.06%,SPX
IR,Ingersoll Rand Inc.,0.06%,SPX
DOV,Dover Corporation,0.06%,SPX
HBAN,Huntington Bancshares Incorporated,0.06%,SPX
CFG,Citizens Financial Group Inc.,0.06%,SPX
K,Kellogg Company,0.06%,SPX
PKI,PerkinElmer Inc.,0.06%,SPX
CINF,Cincinnati Financial Corporation,0.05%,SPX
HOLX,Hologic Inc.,0.05%,SPX
TDY,Teledyne Technologies Incorporated,0.05%,SPX
SWK,Stanley Black & Decker Inc.,0.05%,SPX
NDAQ,Nasdaq Inc.,0.05%,SPX
MPWR,Monolithic Power Systems Inc.,0.05%,SPX
IP,International Paper Company,0.05%,SPX
ESS,Essex Property Trust Inc.,0.05%,SPX
APA,APA Corp.,0.05%,SPX
EXPD,Expeditors International of Washington Inc.,0.05%,SPX
J,Jacobs Engineering Group Inc.,0.05%,SPX
WAB,Westinghouse Air Brake Technologies Corporation,0.05%,SPX
KEY,KeyCorp,0.05%,SPX
EPAM,EPAM Systems Inc.,0.05%,SPX
EXPE,Expedia Group Inc.,0.05%,SPX
VRSN,VeriSign Inc.,0.05%,SPX
CLX,Clorox Company,0.05%,SPX
RJF,Raymond James Financial Inc.,0.05%,SPX
WDC,Western Digital Corporation,0.05%,SPX
COO,Cooper Companies Inc.,0.05%,SPX
BR,Broadridge Financial Solutions Inc.,0.05%,SPX
ZBRA,Zebra Technologies Corporation Class A,0.05%,SPX
PARA,Paramount Global Class B,0.05%,SPX
SYF,Synchrony Financial,0.05%,SPX
PFG,Principal Financial Group Inc.,0.05%,SPX
STX,Seagate Technology Holdings PLC,0.05%,SPX
GNRC,Generac Holdings Inc.,0.05%,SPX
MOH,Molina Healthcare Inc.,0.05%,SPX
SWKS,Skyworks Solutions Inc.,0.05%,SPX
CAG,Conagra Brands Inc.,0.05%,SPX
DGX,Quest Diagnostics Incorporated,0.05%,SPX
BBY,Best Buy Co. Inc.,0.05%,SPX
CE,Celanese Corporation,0.05%,SPX
TRMB,Trimble Inc.,0.05%,SPX
TER,Teradyne Inc.,0.05%,SPX
AKAM,Akamai Technologies Inc.,0.05%,SPX
VFC,V.F. Corporation,0.05%,SPX
DRI,Darden Restaurants Inc.,0.05%,SPX
POOL,Pool Corporation,0.05%,SPX
GRMN,Garmin Ltd.,0.05%,SPX
ATO,Atmos Energy Corporation,0.05%,SPX
EVRG,Evergy Inc.,0.05%,SPX
KMX,CarMax Inc.,0.05%,SPX
NTAP,NetApp Inc.,0.04%,SPX
CAH,Cardinal Health Inc.,0.04%,SPX
LNT,Alliant Energy Corp,0.04%,SPX
DPZ,Domino's Pizza Inc.,0.04%,SPX
IRM,Iron Mountain Inc.,0.04%,SPX
SEDG,SolarEdge Technologies Inc.,0.04%,SPX
LDOS,Leidos Holdings Inc.,0.04%,SPX
WRB,W. R. Berkley Corporation,0.04%,SPX
XYL,Xylem Inc.,0.04%,SPX
OMC,Omnicom Group Inc,0.04%,SPX
SJM,J.M. Smucker Company,0.04%,SPX
FMC,FMC Corporation,0.04%,SPX
IEX,IDEX Corporation,0.04%,SPX
PKG,Packaging Corporation of America,0.04%,SPX
JBHT,J.B. Hunt Transport Services Inc.,0.04%,SPX
FDS,FactSet Research Systems Inc.,0.04%,SPX
AVY,Avery Dennison Corporation,0.04%,SPX
TXT,Textron Inc.,0.04%,SPX
CHRW,C.H. Robinson Worldwide Inc.,0.04%,SPX
CPT,Camden Property Trust,0.04%,SPX
JKHY,Jack Henry & Associates Inc.,0.04%,SPX
VTRS,Viatris Inc.,0.04%,SPX
LKQ,LKQ Corporation,0.04%,SPX
PEAK,Healthpeak Properties Inc.,0.04%,SPX
BXP,Boston Properties Inc.,0.04%,SPX
TYL,Tyler Technologies Inc.,0.04%,SPX
NLOK,NortonLifeLock Inc.,0.04%,SPX
NVR,NVR Inc.,0.04%,SPX
PAYC,Paycom Software Inc.,0.04%,SPX
AES,AES Corporation,0.04%,SPX
HRL,Hormel Foods Corporation,0.04%,SPX
INCY,Incyte Corporation,0.04%,SPX
BRO,Brown & Brown Inc.,0.04%,SPX
UDR,UDR Inc.,0.04%,SPX
EMN,Eastman Chemical Company,0.04%,SPX
TECH,Bio-Techne Corporation,0.04%,SPX
MAS,Masco Corporation,0.04%,SPX
HWM,Howmet Aerospace Inc.,0.04%,SPX
HST,Host Hotels & Resorts Inc.,0.04%,SPX
TFX,Teleflex Incorporated,0.04%,SPX
BF.B,Brown-Forman Corporation Class B,0.04%,SPX
KIM,Kimco Realty Corporation,0.04%,SPX
UAL,United Airlines Holdings Inc.,0.04%,SPX
CTXS,Citrix Systems Inc.,0.04%,SPX
CBOE,Cboe Global Markets Inc,0.04%,SPX
LYV,Live Nation Entertainment Inc.,0.04%,SPX
L,Loews Corporation,0.04%,SPX
WRK,WestRock Company,0.04%,SPX
SNA,Snap-on Incorporated,0.04%,SPX
NI,NiSource Inc,0.04%,SPX
IPG,Interpublic Group of Companies Inc.,0.04%,SPX
NDSN,Nordson Corporation,0.04%,SPX
HSIC,Henry Schein Inc.,0.03%,SPX
SBNY,Signature Bank,0.03%,SPX
ABMD,ABIOMED Inc.,0.03%,SPX
PTC,PTC Inc.,0.03%,SPX
MGM,MGM Resorts International,0.03%,SPX
AAP,Advance Auto Parts Inc.,0.03%,SPX
RE,Everest Re Group Ltd.,0.03%,SPX
CRL,Charles River Laboratories International Inc.,0.03%,SPX
LVS,Las Vegas Sands Corp.,0.03%,SPX
HAS,Hasbro Inc.,0.03%,SPX
BIO,Bio-Rad Laboratories Inc. Class A,0.03%,SPX
QRVO,Qorvo Inc.,0.03%,SPX
MKTX,MarketAxess Holdings Inc.,0.03%,SPX
PHM,PulteGroup Inc.,0.03%,SPX
FOXA,Fox Corporation Class A,0.03%,SPX
NRG,NRG Energy Inc.,0.03%,SPX
CMA,Comerica Incorporated,0.03%,SPX
AIZ,Assurant Inc.,0.03%,SPX
LUMN,Lumen Technologies Inc.,0.03%,SPX
TAP,Molson Coors Beverage Company Class B,0.03%,SPX
WHR,Whirlpool Corporation,0.03%,SPX
LW,Lamb Weston Holdings Inc.,0.03%,SPX
CPB,Campbell Soup Company,0.03%,SPX
RCL,Royal Caribbean Group,0.03%,SPX
ALLE,Allegion Public Limited Company,0.03%,SPX
JNPR,Juniper Networks Inc.,0.03%,SPX
ETSY,Etsy Inc.,0.03%,SPX
FFIV,F5 Inc.,0.03%,SPX
RHI,Robert Half International Inc.,0.03%,SPX
REG,Regency Centers Corporation,0.03%,SPX
OGN,Organon & Co.,0.03%,SPX
SEE,Sealed Air Corporation,0.03%,SPX
BBWI,Bath & Body Works Inc.,0.03%,SPX
AAL,American Airlines Group Inc.,0.03%,SPX
FBHS,Fortune Brands Home & Security Inc.,0.03%,SPX
CZR,Caesars Entertainment Inc,0.03%,SPX
BWA,BorgWarner Inc.,0.03%,SPX
NLSN,Nielsen Holdings Plc,0.03%,SPX
HII,Huntington Ingalls Industries Inc.,0.03%,SPX
GL,Globe Life Inc.,0.03%,SPX
TPR,Tapestry Inc.,0.03%,SPX
LNC,Lincoln National Corporation,0.03%,SPX
PNW,Pinnacle West Capital Corporation,0.02%,SPX
XRAY,DENTSPLY SIRONA Inc.,0.02%,SPX
UHS,Universal Health Services Inc. Class B,0.02%,SPX
CCL,Carnival Corporation,0.02%,SPX
ZION,Zions Bancorporation N.A.,0.02%,SPX
PNR,Pentair plc,0.02%,SPX
DXC,DXC Technology Co.,0.02%,SPX
AOS,A. O. Smith Corporation,0.02%,SPX
ROL,Rollins Inc.,0.02%,SPX
NWL,Newell Brands Inc,0.02%,SPX
MHK,Mohawk Industries Inc.,0.02%,SPX
FRT,Federal Realty Investment Trust,0.02%,SPX
CDAY,Ceridian HCM Holding Inc.,0.02%,SPX
BEN,Franklin Resources Inc.,0.02%,SPX
NWSA,News Corporation Class A,0.02%,SPX
WYNN,Wynn Resorts Limited,0.02%,SPX
DVA,DaVita Inc.,0.02%,SPX
IVZ,Invesco Ltd.,0.02%,SPX
ALK,Alaska Air Group Inc.,0.02%,SPX
NCLH,Norwegian Cruise Line Holdings Ltd.,0.02%,SPX
PENN,Penn National Gaming Inc.,0.01%,SPX
VNO,Vornado Realty Trust,0.01%,SPX
DISH,DISH Network Corporation Class A,0.01%,SPX
RL,Ralph Lauren Corporation Class A,0.01%,SPX
PVH,PVH Corp.,0.01%,SPX
FOX,Fox Corporation Class B,0.01%,SPX
IPGP,IPG Photonics Corporation,0.01%,SPX
NWS,News Corporation Class B,0.01%,SPX
UAA,Under Armour Inc. Class A,0.01%,SPX
UA,Under Armour Inc. Class C,0.01%,SPX
EMBC,Embecta Corporation,0.00%,SPX